,original_title,doc
0,Toy Story,"Led by Woody  Andy's toys live happily in his room until Andy's birthday brings Buzz Lightyear onto the scene  Afraid of losing his place in Andy's heart  Woody plots against Buzz  But when circumstances separate Buzz and Woody from their owner  the duo eventually learns to put aside their differences  Adventure Animation Children Comedy Fantasymartial_arts,jealousy,toy,friendship,bullying,elementary_school,friends,rivalry,rescue,mission,walkie_talkie,boy_next_door,new_toy,neighborhood,toy_comes_to_life,resourcefulnessJohn_Lasseter,Tom_Hanks,Tim_Allen,Don_Rickles,Jim_Varney,Wallace_Shawn,John_Ratzenberger,Annie_Potts,John_Morris,Erik_von_Detten,Laurie_Metcalf,R._Lee_Ermey,Sarah_Freeman,Penn_Jillette,Jack_Angel,Spencer_Aste,Greg_Berg,Lisa_Bradley,Kendall_Cunningham,Debi_Derryberry,Cody_Dorkin,Bill_Farmer,Craig_Good,Gregory_Grudt,Danielle_Judovits,Sam_Lasseter,Brittany_Levenbrown,Sherry_Lynn,Scott_McAfee,Mickie_McGowan,Ryan_O'Donohue,Jeff_Pidgeon,Patrick_Pinney,Phil_Proctor,Jan_Rabson,Joe_Ranft,Andrew_Stanton,Shane_Sweet,Nathan_Lane,John_Lasseter,Ernie_Sabella"
1,Jumanji,"When siblings Judy and Peter discover an enchanted board game that opens the door to a magical world  they unwittingly invite Alan    an adult who's been trapped inside the game for   years    into their living room  Alan's only hope for freedom is to finish the game  which proves risky as all three find themselves running from giant rhinoceroses  evil monkeys and other terrifying creatures Roll the dice and unleash the excitement Adventure Children Fantasygiant_insect,board_game,jungle,disappearance,recluse,stampede,based_on_young_adult_novelJoe_Johnston,Robin_Williams,Jonathan_Hyde,Kirsten_Dunst,Bradley_Pierce,Bonnie_Hunt,Bebe_Neuwirth,David_Alan_Grier,Patricia_Clarkson,Adam_Hann-Byrd,Laura_Bell_Bundy,James_Handy,Gillian_Barber,Brandon_Obray,Cyrus_Thiedeke,Gary_Joseph_Thorup,Leonard_Zola,Lloyd_Berry,Malcolm_Stewart,Annabel_Kershaw,Darryl_Henriques,Robyn_Driscoll,Peter_Bryant,Sarah_Gilson,Florica_Vlad,June_Lion,Brenda_Lockmuller,Frederick_Richardson,Jaysen_Clough,Daniel_Olsen,Falko_Schilling,David_Szehi,Tom_Woodruff_Jr."
2,Grumpier Old Men,"A family wedding reignites the ancient feud between next door neighbors and fishing buddies John and Max  Meanwhile  a sultry Italian divorcée opens a restaurant at the local bait shop  alarming the locals who worry she'll scare the fish away  But she's less interested in seafood than she is in cooking up a hot time with Max Still Yelling  Still Fighting  Still Ready for Love Comedy Romancefishing,old_man,best_friend,duringcreditsstingerHoward_Deutch,Walter_Matthau,Jack_Lemmon,Ann-Margret,Sophia_Loren,Daryl_Hannah,Burgess_Meredith,Kevin_Pollak,Michelle_Johnston"
3,Waiting to Exhale,"Cheated on  mistreated and stepped on  the women are holding their breath  waiting for the elusive ""good man"" to break a string of less than stellar lovers  Friends and confidants Vannah  Bernie  Glo and Robin talk it all out  determined to find a better way to breathe Friends are the people who let you be yourself    and never let you forget it Comedy Drama Romancebased_on_novel_or_book,interracial_relationship,single_mother,divorce,chick_flickForest_Whitaker,Whitney_Houston,Angela_Bassett,Loretta_Devine,Lela_Rochon,Gregory_Hines,Dennis_Haysbert,Michael_Beach,Mykelti_Williamson,Lamont_Johnson,Wesley_Snipes,Wendell_Pierce,Donald_Faison,Brandon_Hammond,Kenya_Moore,Starletta_DuPois,Delaina_Mitchell,Wren_T._Brown,Jazz_Raycole,Jeffrey_D._Sams,Leon,Giancarlo_Esposito,Kelly_Preston,L._Scott_Caldwell,Hope_Brown,Graham_Galloway,Donyell_Hinton,Wanda-Lee_Evans,Wally_Bujack,Shari_L._Carpenter"
4,Father of the Bride Part II,"Just when George Banks has recovered from his daughter's wedding  he receives the news that she's pregnant     and that George's wife  Nina  is expecting too  He was planning on selling their home  but that's a plan that    like George    will have to change with the arrival of both a grandchild and a kid of his own Just When His World Is Back To Normal    He's In For The Surprise Of His Life Comedyparent_child_relationship,baby,midlife_crisis,confidence,pregnancy,aging,daughter,contraception,gynecologistCharles_Shyer,Steve_Martin,Diane_Keaton,Martin_Short,Kimberly_Williams-Paisley,George_Newbern,Kieran_Culkin,BD_Wong,Peter_Michael_Goetz,Kate_McGregor-Stewart,Jane_Adams,Eugene_Levy,Lori_Alan,Casey_Boersma,Dylan_Boersma"
5,Heat,"Obsessive master thief  Neil McCauley leads a top notch crew on various daring heists throughout Los Angeles while determined detective  Vincent Hanna pursues him without rest  Each man recognizes and respects the ability and the dedication of the other even though they are aware their cat and mouse game may end in violence A Los Angeles Crime SagaAction Crime Thrillerrobbery,detective,obsession,chase,thief,honor,murder,heist,betrayal,gang,los_angeles,_california,cat_and_mouse,bank_robbery,criminal_mastermind,cult_film,ex-con,one_last_job,loner,bank_job,neo-noir,crime_epicMichael_Mann,Al_Pacino,Robert_De_Niro,Val_Kilmer,Jon_Voight,Tom_Sizemore,Diane_Venora,Amy_Brenneman,Ashley_Judd,Mykelti_Williamson,Natalie_Portman,Ted_Levine,Tom_Noonan,Tone_Loc,Hank_Azaria,Wes_Studi,Dennis_Haysbert,Danny_Trejo,Henry_Rollins,William_Fichtner,Kevin_Gage,Susan_Traylor,Jerry_Trimble,Ricky_Harris,Jeremy_Piven,Xander_Berkeley,Begonya_Plaza,Rick_Avery,Hazelle_Goodman,Ray_Buktenica,Max_Daniels,Vince_Deadrick_Jr.,Steven_Ford,Farrah_Forke,Patricia_Healy,Paul_Herman,Cindy_Katz,Brian_Libby,Dan_Martin,Mario_Roberts,Thomas_Rosales_Jr.,Yvonne_Zima,Mick_Gould,Bud_Cort,Viviane_Vives,Kim_Staunton,Martin_Ferrero,Brad_Baldridge,Andrew_Camuccio,Kenny_Endoso,Kimberly_Flynn,Niki_Haris,Bill_McIntosh,Rick_Marzan,Terry_Miller,Daniel_O'Haco,Kai_Soremekun,Peter_Blackwell,Trevor_Coppola,Mary_Kircher,Darin_Mangan,Robert_Miranda,Manny_Perry,Iva_Franks_Singer,Tim_Werner,Philip_Ettington,Rainell_Saunders,Brian_Camuccio,Amanda_Graves,Emily_Graves,Thomas_Elfmont,Ted_Harvey,Wendy_L._Walsh,Rey_Verdugo,Phillip_Robinson,Jimmy_Star"
6,Sabrina,"An ugly duckling having undergone a remarkable change  still harbors feelings for her crush  a carefree playboy  but not before his business focused brother has something to say about it You are cordially invited to the most surprising merger of the year Comedy Romanceparis,_france,sibling_relationship,chauffeur,long_island,fusion,millionaireSydney_Pollack,Harrison_Ford,Julia_Ormond,Greg_Kinnear,Angie_Dickinson,Nancy_Marchand,John_Wood,Richard_Crenna,Lauren_Holly,Dana_Ivey,Fanny_Ardant,Patrick_Bruel,Paul_Giamatti,Miriam_Colón,Elizabeth_Franz,Valérie_Lemercier,Becky_Ann_Baker,John_C._Vennema,Margo_Martindale,J._Smith-Cameron,Christine_Luneau-Lipton,Michael_Dees,Denis_Holmes,Jo-Jo_Lowe,Ira_Wheeler,Philippa_Cooper,Ayako_Kawahara,François_Genty,Guillaume_Gallienne,Inés_Sastre,Phina_Oruche,Andrea_Behalikova,Jennifer_Herrera,Kristina_Kumlin,Eva_Linderholm,Carmen_Chaplin,Micheline_Van_de_Velde,Joanna_Rhodes,Alan_Boone,Patrick_Forster-Delmas,Kentaro_Matsuo,Peter_McKernan,Ed_Connelly,Ronald_L._Schwary,Alvin_Lum,Siching_Song,Phil_Nee,Randy_Becker,Susan_Browning,Anthony_Mondal,Peter_Parks,Woodrow_Asai,Eric_Bruno_Borgman,Michael_Cline,Christopher_Del_Gaudio,Philippe_Hartmann,Jerry_Quinn,Dori_Rosenthal"
7,Tom and Huck,"A mischievous young boy  Tom Sawyer  witnesses a murder by the deadly Injun Joe  Tom becomes friends with Huckleberry Finn  a boy with no future and no family  Tom has to choose between honoring a friendship or honoring an oath because the town alcoholic is accused of the murder  Tom and Huck go through several adventures trying to retrieve evidence The Original Bad Boys Adventure Children Peter_Hewitt,Jonathan_Taylor_Thomas,Brad_Renfro,Rachael_Leigh_Cook,Michael_McShane,Amy_Wright,Eric_Schweig,Tamara_Mello,Ike_Eisenmann,Charles_Rocket,Marian_Seldes,Lanny_Flaherty,Courtland_Mead,Peter_MacKenzie,Heath_Lamberts,Adam_Crosby"
8,Sudden Death,"When a man's daughter is suddenly taken during a championship hockey game – with the captors demanding a billion dollars by game's end – he frantically sets a plan in motion to rescue her and abort an impending explosion before the final buzzer Terror goes into overtime Actionterrorist,hostage,explosive,ice_hockey,vice_president,pittsburgh,_pennsylvania,pittsburgh_penguinsPeter_Hyams,Jean-Claude_Van_Damme,Powers_Boothe,Raymond_J._Barry,Whittni_Wright,Ross_Malinger,Dorian_Harewood,Kate_McNeil,Michael_Gaston,Audra_Lindley,Brian_Delate,Steve_Aronson,Michael_R._Aubele,Karen_Elise_Baldwin,Jennifer_D._Bowser,Pat_Brisson,Glenda_Morgan_Brown,Jophery_C._Brown,William_Cameron,Bernard_Canepari,Jay_Caufield,Alan_Clement,Bill_Clement,Bill_Dalzell,Gilbert_B._Combs,Jack_Erdie,Ed_Evanko,David_Flick,Glenn_Alan_Gardner,John_Hall,Jeff_Habberstad,Mark_Hager,John_Hateley,Rosine_'Ace'_Hatem,Jeff_Hochendoner,Jeff_Howell,Brian_Hutchison,Jeff_Jimerson,Mark_Kachowski,Callum_Keith-King,Rick_Le_Fevour,Tommy_Lafitte,Raymond_Laine,Mike_Lange,Butch_Luick,Fred_Mancuso,Anthony_Marino,Larry_John_Meyers,Ken_Milchick,Faith_Minton,Paul_Mochnick,Brad_Moniz,Jean-Pierre_Nutini,Daniel_R._Pagath,Manny_Perry,Allan_Pinsker,Douglas_Rees,Diane_Robin,Luc_Robitaille,Thomas_Saccio,Vinnie_Sciullo,Jack_Skelly,Brian_Smrz,Phil_Spano,Paul_Steigerwald,John_Sterling,Harold_Surratt,Rohn_Thomas,Milton_E._Thompson_Jr.,Dixie_Tymitz,Fred_Waugh,Rema_Webb,Dean_E._Wells"
9,GoldenEye,"When a powerful satellite system falls into the hands of Alec Trevelyan  AKA Agent    a former ally turned enemy  only James Bond can save the world from an awesome space weapon that    in one short pulse    could destroy the earth  As Bond squares off against his former compatriot  he also battles Trevelyan's stunning ally  Xenia Onatopp  an assassin who uses pleasure as her ultimate weapon No limits  No fears  No substitutes Action Adventure Thrillercuba,falsely_accused,secret_identity,computer_virus,secret_base,secret_intelligence_service,kgb,satellite,special_car,cossack,electromagnetic_pulse,time_bomb,st._petersburg,_russia,red_armyMartin_Campbell,Pierce_Brosnan,Sean_Bean,Izabella_Scorupco,Famke_Janssen,Joe_Don_Baker,Judi_Dench,Gottfried_John,Robbie_Coltrane,Alan_Cumming,Tchéky_Karyo,Desmond_Llewelyn,Samantha_Bond,Michael_Kitchen,Serena_Gordon,Simon_Kunz,Billy_J._Mitchell,Constantine_Gregory,Minnie_Driver,Michelle_Arthur,Ravil_Isyanov,Trevor_Byfield,Mark_Chapman,Michelle_Eldridge,Kate_Gayson,Simone_Bechtel,Juliet_Forester"
10,The American President,"Widowed U S  president Andrew Shepherd  one of the world's most powerful men  can have anything he wants    and what he covets most is Sydney Ellen Wade  a Washington lobbyist  But Shepherd's attempts at courting her spark wild rumors and decimate his approval ratings Why can't the most powerful man in the world have the one thing he wants most Comedy Drama Romancethe_white_house,u.s._president,new_love,widower,wildlife_conservationRob_Reiner,Michael_Douglas,Annette_Bening,Michael_J._Fox,Martin_Sheen,Anna_Deavere_Smith,Shawna_Waldron,Samantha_Mathis,David_Paymer,Richard_Dreyfuss,Nina_Siemaszko,Wendie_Malick,Beau_Billingslea,Gail_Strickland,Joshua_Malina,Clement_von_Franckenstein,John_Mahoney,John_Mahon,Gabriel_Jarret"
11,Dracula: Dead and Loving It,"When a lawyer shows up at the vampire's doorstep  he falls prey to his charms and joins him in his search for fresh blood  Enter Professor Van Helsing  who may be the only one able to vanquish the Count  Comedy Horrorvampire,spoof,old_monster_movies,draculaMel_Brooks,Leslie_Nielsen,Mel_Brooks,Amy_Yasbeck,Peter_MacNicol,Lysette_Anthony,Harvey_Korman,Steven_Weber,Mark_Blankfield,Megan_Cavanagh,Gregg_Binkley,Anne_Bancroft,Clive_Revill,Chuck_McCann,Avery_Schreiber,Cherie_Franklin,Ezio_Greggio,Leslie_Sachs,Rudy_De_Luca,Darla_Haun,Karen_Roe,Charlie_Callas,Maud_Winchester,Kathleen_Kane"
12,Balto,"An outcast half wolf risks his life to prevent a deadly epidemic from ravaging Nome  Alaska Part Dog  Part Wolf  All Hero Adventure Animation Childrenwolf,pet,dog-sledding_race,alaska,dog,goose,bear_attack,dog_sledSimon_Wells,Kevin_Bacon,Bob_Hoskins,Bridget_Fonda,Jim_Cummings,Phil_Collins,Juliette_Brewer,Jack_Angel,Danny_Mann,Robbie_Rist,Sandra_Dickinson,Frank_Welker,Miriam_Margolyes,Lola_Bates-Campbell"
13,Nixon,"An epic look at President Richard M  Nixon—a man carrying the fate of the world on his shoulders while battling the self destructive demands from within—spanning his troubled boyhood in California to the shocking Watergate scandal that would end his Presidency Triumphant in Victory  Bitter in Defeat  He Changed the World  But Lost a Nation Dramawashington_d.c.,u.s._president,1970s,presidential_election,watergate_scandal,biography,government,historical_figure,richard_nixon,1960s,j_edgar_hooverOliver_Stone,Anthony_Hopkins,Joan_Allen,Powers_Boothe,Ed_Harris,Bob_Hoskins,E.G._Marshall,David_Paymer,David_Hyde_Pierce,Paul_Sorvino,Mary_Steenburgen,J.T._Walsh,James_Woods,Brian_Bedford,Kevin_Dunn,Fyvush_Finkel,Annabeth_Gish,Tony_Goldwyn,Larry_Hagman,Edward_Herrmann,Madeline_Kahn,Dan_Hedaya,Tony_Lo_Bianco,Tony_Plana,Saul_Rubinek,Robert_Beltran,John_Cunningham,John_Diehl,John_C._McGinley,Michael_Chiklis,David_Barry_Gray,Joanna_Going,George_Plimpton,Corey_Carrier,John_Bedford_Lloyd,James_Pickens_Jr.,Bridgette_Wilson,Ric_Young,Tom_Bower,Wilson_Cruz,Michelle_Krusiec,Bai_Ling,Marley_Shelton,James_Karen,Boris_Sichkin,Jon_Tenney,Sam_Waterston"
14,Cutthroat Island,"Morgan Adams and her slave  William Shaw  are on a quest to recover the three portions of a treasure map  Unfortunately  the final portion is held by her murderous uncle  Dawg  Her crew is skeptical of her leadership abilities  so she must complete her quest before they mutiny against her  This is made yet more difficult by the efforts of the British crown to end her pirate raids The Course Has Been Set  There Is No Turning Back  Prepare Your Weapons  Summon Your Courage  Discover the Adventure of a Lifetime Action Adventure Romanceexotic_island,treasure,map,ship,scalp,pirateRenny_Harlin,Geena_Davis,Matthew_Modine,Frank_Langella,Maury_Chaykin,Patrick_Malahide,Stan_Shaw,Rex_Linn,Paul_Dillon,Christopher_Masterson,Jimmie_F._Skaggs,Harris_Yulin,Carl_Chase,Peter_Geeves,Angus_Wright,Ken_Bones,Mary_Peach,Thomas_Lockyer,Roger_Booth,George_Murcell,Simon_Atherton,Dickey_Beer,Christopher_Halliday,Chris_Johnston,Richard_Leaf,Tam_White,Rupert_Vansittart,Nick_Bartlett,David_Bailie,Kwame_Kwei-Armah,Ramon_Tikaram,Christopher_Adamson"
15,Casino,"In early  s Las Vegas  low level mobster Sam ""Ace"" Rothstein gets tapped by his bosses to head the Tangiers Casino  At first  he's a great success in the job  but over the years  problems with his loose cannon enforcer Nicky Santoro  his ex hustler wife Ginger  her con artist ex Lester Diamond and a handful of corrupt politicians put Sam in ever increasing danger No one stays at the top forever Crime Dramapoker,casino,drug_abuse,1970s,overdose,mafia,las_vegas,illegal_prostitution,1980sMartin_Scorsese,Robert_De_Niro,Sharon_Stone,Joe_Pesci,James_Woods,Don_Rickles,Alan_King,Kevin_Pollak,Pasquale_Cajano,L.Q._Jones,Dick_Smothers,Frank_Vincent,Oscar_Goodman,Richard_Riehle,Catherine_Scorsese,Vinny_Vella,Nobu_Matsuhisa,Erika_von_Tagen,Nick_Mazzola,David_Rose,John_Bloom,Joseph_Rigano,Philip_Suriano,Melissa_Prophet,Bill_Allison,Joe_La_Due,Joseph_P._Reidy,Craig_Vincent,Carl_Ciarfalio,Gene_Ruffini,Dominick_Grieco,Clem_Caserta,Daniel_P._Conte,Joey_DePinto,Jack_Orend,Paul_Herman,Jed_Mills,Claudia_Haro,Ffolliott_Le_Coque,John_Manca,Ronald_Maccone,Joseph_Bono,Frank_Adonis,Anthony_Russell,Stuart_Nisbet,Alfred_Nittoli,C.C._Carr,Peter_Conti,Steve_Vignari,Frankie_J._Allison,Steve_Schirripa"
16,Sense and Sensibility,"Rich Mr  Dashwood dies  leaving his second wife and her daughters poor by the rules of inheritance  Two daughters are the titular opposites Lose your heart and come to your senses Drama Romancebowling,based_on_novel_or_book,servant,country_life,inheritance,rural_area,military_officer,period_drama,rainstorm,horse_and_carriage,decorum,19th_century,devonAng_Lee,Emma_Thompson,Alan_Rickman,Kate_Winslet,Hugh_Grant,Imogen_Stubbs,Greg_Wise,Gemma_Jones,Harriet_Walter,James_Fleet,Hugh_Laurie,Imelda_Staunton,Robert_Hardy,Elizabeth_Spriggs,Tom_Wilkinson,Emilie_François,Oliver_Ford_Davies,Richard_Lumsden,Ian_Brimble,Isabelle_Amyes,Lone_Madsen,Eleanor_McCready"
17,Four Rooms,"It's Ted the Bellhop's first night on the job   and the hotel's very unusual guests are about to place him in some outrageous predicaments  It seems that this evening's room service is serving up one unbelievable happening after another Twelve outrageous guests  Four scandalous requests  And one lone bellhop  in his first day on the job  who's in for the wildest New year's Eve of his life Comedyhotel,new_year's_eve,witch,bet,hotel_room,sperm,anthology,los_angeles,_california,hoodlum,woman_directorAllison_Anders,Alexandre_Rockwell,Robert_Rodriguez,Quentin_Tarantino,Tim_Roth,Jennifer_Beals,Antonio_Banderas,Valeria_Golino,David_Proval,Sammi_Davis,Amanda_de_Cadenet,Madonna,Ione_Skye,Lili_Taylor,Alicia_Witt,Tamlyn_Tomita,Lana_McKissack,Danny_Verduzco,Patricia_Vonne,Salma_Hayek,Quentin_Tarantino,Paul_Calderon,Bruce_Willis,Marisa_Tomei,Lawrence_Bender,Kathy_Griffin,Kimberly_Blair,Marc_Lawrence"
18,Ace Ventura: When Nature Calls,"Summoned from an ashram in Tibet  Ace finds himself on a perilous journey into the jungles of Africa to find Shikaka  the missing sacred animal of the friendly Wachati tribe  He must accomplish this before the wedding of the Wachati's Princess to the prince of the warrior Wachootoos  If Ace fails  the result will be a vicious tribal war New animals  New adventures  Same hair Comedyafrica,indigenous,human_animal_relationship,batSteve_Oedekerk,Jim_Carrey,Ian_McNeice,Simon_Callow,Maynard_Eziashi,Bob_Gunton,Sophie_Okonedo,Tommy_Davidson,Adewale_Akinnuoye-Agbaje,Danny_Daniels,Sam_Motoana_Phillips,Damon_Standifer,Andrew_Steel,Bruce_Spence,Tom_Grunke,Arsenio_'Sonny'_Trinidad,Kristin_Norton,Michael_Reid_MacKay,Kayla_Allen,Ken_Kirzinger,Dev_Kennedy,Patti_Tippo,Sabrinah_Christie,Warren_Sroka,Patrick_Michael_Strange,Leif_Tilden"
19,Money Train,"When a vengeful New York transit cop decides to steal a trainload of subway fares  his foster brother—a fellow cop—tries to protect him Get on  or GET OUT THE WAY Action Comedy Crime Drama Thrillernew_york_city,sibling_relationship,subway,new_york_subway,train_robberyJoseph_Ruben,Wesley_Snipes,Woody_Harrelson,Jennifer_Lopez,Robert_Blake,Chris_Cooper,Joe_Grifasi,Scott_Sowers,Skipp_Sudduth,Aida_Turturro,Vincent_Pastore,Enrico_Colantoni,Bill_Nunn,Katie_Gill,Jeremy_Roberts,Joe_Bacino"
20,Get Shorty,"Chili Palmer is a Miami mobster who gets sent by his boss  the psychopathic ""Bones"" Barboni  to collect a bad debt from Harry Zimm  a Hollywood producer who specializes in cheesy horror films  When Chili meets Harry's leading lady  the romantic sparks fly  After pitching his own life story as a movie idea  Chili learns that being a mobster and being a Hollywood producer really aren't all that different The mob is tough  but it’s nothing like show business Comedy Crime Thrillergambling,miami,_florida,based_on_novel_or_book,gangster,job,murder,travel,mafia,money,debt,mobster,business,hollywood,violence,drugs,producer,conBarry_Sonnenfeld,John_Travolta,Gene_Hackman,Rene_Russo,Danny_DeVito,Dennis_Farina,Delroy_Lindo,James_Gandolfini,Jon_Gries,Renee_Props,David_Paymer,Martin_Ferrero,Miguel_Sandoval,Jacob_Vargas,Bobby_Slayton,Linda_Hart,Jeffrey_J._Stephen,Rebeca_Arthur,Donna_W._Scott,Ron_Karabatsos,John_Cothran,_Jr.,Jack_Conley,Bernard_Hocke,Harvey_Keitel"
21,Copycat,"An agoraphobic psychologist and a female detective must work together to take down a serial killer who copies serial killers from the past One man is copying the most notorious killers in history one at a time  Together  two women must stop him from killing again  Or they’re next Crime Drama Horror Mystery Thrillerpolice_brutality,psychology,police_operation,police_protection,serial_killer,psychologist,cowardlinessJon_Amiel,Sigourney_Weaver,Holly_Hunter,Will_Patton,William_McNamara,Harry_Connick_Jr.,J.E._Freeman,Dermot_Mulroney,John_Rothman,Shannon_O'Hurley,Bob_Greene,Tony_Haney,Danny_Kovacs,Tahmus_Rounds,Scott_Devenney,David_Michael_Silverman,Diane_Amos,Kelly_De_Martino"
22,Assassins,"Assassin Robert Rath arrives at a funeral to kill a prominent mobster  only to witness a rival hired gun complete the job for him    with grisly results  Horrified by the murder of innocent bystanders  Rath decides to take one last job and then return to civilian life  But finding his way out of the world of contract killing grows ever more dangerous as Rath falls for his female target and becomes a marked man himself In the shadows of life  In the business of death  One man found a reason to live   Action Crime Thrillercompetition,assassination,cia,bank,cat,mexican_standoff,seattle,hitman,mission_of_murder,hidden_camera,rivalry,rescue,shootout,police_chase,sniper_rifle,detroit,silencer,double_cross,caribbean_seaRichard_Donner,Sylvester_Stallone,Antonio_Banderas,Julianne_Moore,Anatoli_Davydov,Muse_Watson,Steve_Kahan,Kelly_Rowan,Reed_Diamond,Kai_Wulff,Kerry_Skalsky,James_Douglas_Haskins,Stephen_Liska,John_Harms,Edward_J._Rosen,Christina_Orchid,Bruce_R._Orchid,James_Oliver,Sue_Carolyn_Wise,Ron_Ben_Jarrett,Marian_Collier,Dave_Young,Ragna_Sigrun,Mark_Woodford,Anibal_O._Lleras,Marta_Labatut,Choco_Orta,Ivonne_Piazza,Ángel_Vázquez,Axel_Anderson,David_Dollase,Jim_Graham,Wally_Dalton,Paul_Tuerpe,John_Procaccino,Nerissa_E._Williams,Juan_Manuel_Lebrón,Eddie_Bellaflores,Thomas_Helgeland,James_W._Gavin,Scott_Stuber,Richard_Blum,Michael_DeCourcey,Whitey_Shapiro,Stefan_Enriquez,Fulvio_Cecere,Shirley_Oliver,Eric_Sather,Wally_Gudgell,J._Mills_Goodloe,Peter_Sebastian_Lackaff,John_Lamar,Ernie_Hall,Calli_Medved,Robert_Sanders,Rhonda_J._Osborne,Christina_Herrera,Cary_Sanchez,Frank_R._Jimenez_Jr.,Jeff_King,David_""Shark""_Fralick,Bob_Minor"
23,Powder,"Harassed by classmates who won't accept his shocking appearance  a shy young man known as ""Powder"" struggles to fit in  But the cruel taunts stop when Powder displays a mysterious power that allows him to do incredible things  This phenomenon changes the lives of all those around him in ways they never could have imagined An extraordinary encounter with another human being Drama Sci-Fishot_to_death,teenage_boy,held_at_gunpoint,teacher_student_relationship,albino,fainting,christ_allegory,psionic_power,healing_power,flickering_light,extrasensory_perception,paleVictor_Salva,Mary_Steenburgen,Sean_Patrick_Flanery,Lance_Henriksen,Jeff_Goldblum,Brandon_Smith,Bradford_Tatum,Susan_Tyrrell,Missy_Crider,Ray_Wise,Esteban_Powell"
24,Leaving Las Vegas,"Ben Sanderson  an alcoholic Hollywood screenwriter who lost everything because of his drinking  arrives in Las Vegas to drink himself to death  There  he meets and forms an uneasy friendship and non interference pact with prostitute Sera I Love You    The Way You Are Drama Romanceindividual,prostitute,alcohol,casino,love_at_first_sight,lovesickness,movie_business,screenwriter,hotel_room,dying_and_death,rage_and_hate,unsociability,alcoholism,los_angeles,_california,las_vegas,alcohol_abuseMike_Figgis,Nicolas_Cage,Elisabeth_Shue,Julian_Sands,Richard_Lewis,Steven_Weber,Kim_Adams,Emily_Procter,Stuart_Reynolds_,Valeria_Golino,Graham_Beckel,Albert_Henderson,Shashi_Bhatia,Carey_Lowell,Anne_Lange,Thomas_Kopache,Vincent_Ward,Lucinda_Jenney,French_Stewart,Ed_Lauter,Waldemar_Kalinowski,Mike_Figgis,David_Kriegel,Bill_Thompson,Marek_Stabrowski,R._Lee_Ermey,Mariska_Hargitay,Danny_Huston,Laurie_Metcalf,David_Brisbin,Shawnee_Smith,Paul_Quinn,Julian_Lennon,Tracy_Thorne,Bob_Rafelson,Susan_Barnes,Marc_Coppola,Michael_A._Goorjian,Jeremy_Jordan,Davidlee_Willson,Xander_Berkeley,Sergio_Premoli,Gordon_Michaels,Louis_Allen_Rawls"
25,Othello,"The evil Iago pretends to be friend of Othello in order to manipulate him to serve his own end in the film version of this Shakespeare classic Envy  greed  jealousy and love Dramajealousy,friends,moorOliver_Parker,Laurence_Fishburne,Irène_Jacob,Kenneth_Branagh,Nathaniel_Parker,Michael_Maloney,Anna_Patrick,Nicholas_Farrell,Indra_Ové,Michael_Sheen"
26,Now and Then,"Waxing nostalgic about the bittersweet passage from childhood to puberty in this tender coming of age tale  four childhood girlfriends    Teeny  Chrissy  Samantha and Roberta    recall the magical summer of    During their walk down memory lane  they reconcile experiences with boys  secrets  bullies and more In every woman there is the girl she left behind Children Drama1970s,female_friendship,coming_of_age,gynecologist,photocopier,truth_or_dare,woman_directorLesli_Linka_Glatter,Christina_Ricci,Thora_Birch,Gaby_Hoffmann,Rosie_O'Donnell,Melanie_Griffith,Demi_Moore,Rita_Wilson,Cloris_Leachman,Janeane_Garofalo,Hank_Azaria,Devon_Sawa,Bonnie_Hunt,Lolita_Davidovich,Brendan_Fraser,Rumer_Willis,Ashleigh_Aston_Moore,Walter_Sparrow"
27,Persuasion,"This film adaptation of Jane Austen's last novel follows Anne Elliot  the daughter of a financially troubled aristocratic family  who is persuaded to break her engagement to Frederick Wentworth  a young sea captain of meager means  Years later  money troubles force Anne's father to rent out the family estate to Admiral Croft  and Anne is again thrown into company with Frederick    who is now rich  successful and perhaps still in love with Anne  Drama Romancecaptain,napoleonic_wars,old_flame,admiralRoger_Michell,Amanda_Root,Ciarán_Hinds,Susan_Fleetwood,Fiona_Shaw,John_Woodvine,Phoebe_Nicholls,Samuel_West,Sophie_Thompson,Judy_Cornwell,Simon_Russell_Beale,Felicity_Dean,Roger_Hammond,Victoria_Hamilton,Emma_Roberts,Robert_Glenister,Richard_McCabe,Helen_Schlesinger,Jane_Wood,David_Collings,Darlene_Johnson,Cinnamon_Faye,Isaac_Maxwell-Hunt,Roger_Llewellyn,Sally_George,Lonnie_James,Corin_Redgrave"
28,La Cité des Enfants Perdus,"A scientist in a surrealist society kidnaps children to steal their dreams  hoping that they slow his aging process Where happily ever after is just a dream Adventure Drama Fantasy Mystery Sci-Ficlone,dream,island,brain,eye,dystopia,aging,friendship,rescue,children,girl,childhood,child_kidnapping,fleaJean-Pierre_Jeunet,Marc_Caro,Ron_Perlman,Dominique_Pinon,Judith_Vittet,Daniel_Emilfork,Jean-Claude_Dreyfus,Geneviève_Brunet,Odile_Mallet,Mireille_Mossé,Serge_Merlin,Rufus,Ticky_Holgado,Cris_Huerta,Jean-Louis_Trintignant,Joseph_Lucien,Mapi_Galán,Briac_Barthélémy,Pierre-Quentin_Faesch,Alexis_Pivot,François_Hadji-Lazaro,Dominique_Bettenfeld,Lotfi_Yahya_Jedidi,Thierry_Gibault,Marc_Caro,Ham-Chau_Luong,Frankie_Pain,Enrique_Villanueva,Dominique_Chevalier,Lorella_Cravotta,Éric_Houzelot,Philippe_Beautier,Marc_Amyot,Jean-Philippe_Labadie,Raphaèle_Bouchard,Elisabeth_Etienne,Rachel_Boulenger,Michel_Motu,Nane_Germon,Léo_Rubion,Guillaume_Billod-Morel,Bezak,Hong_Mai_Thomas,René_Pivot,Daniel_Adric,Christophe_Salengro,René_Marquant,Michel_Smolianoff,Lili_Cognard,Angélique_Philibert,Marie_Piémontèse,Antoinette_Dias,Zak_Russomanno,Djamila_Bouda,Lauren_Geoffroy,Cyril_Aubin,Bruno_Journée,Jérémie_Freund,Joris_Geneste,Julie_Bernard,Valentin_Simonet,Eglantine_Blanckaert,Gaëtan_Bouyala,Mickael_Bussinger,Jonathan_Gatinois,Joshka_Kaufmann,Morgan_Mariac,Caroline_Marsily,Geoffroy_Morange,Sébastien_Thaissart,Charlotte_Bienfait,Camille_Dufeu,Robinson_Fouille,Alysia_Hoffeurt,Sandy_Kontargyris,Andrew_Laupen,Théo_Madueno,Arthur_Mazet,Fackry_M'Saidie,Gabriel_Pierre,Bérangère_Pivot,Charlotte_Ribaud-Chevrey,Laura_Robert,Caroline_Rochand,Carolane_Yvan,Margot_Tostivint,Buster_Verbraeken,Mathieu_Kassovitz"
29,摇啊摇，摇到外婆桥,"Shanghai  China     When young Shuisheng arrives from the countryside  his uncle Liushu puts him at the service of Bijou  the mistress of Laoda  supreme boss of the Tang Triad  constantly threatened by his enemies  both those he knows and those lurking in the shadows In    Shanghai violence was not the problem  It was the solution Crime Dramashanghai,_china,chinese_mafia,coming_of_age,mistress,criminal_underworld,drug_lord,triad,modern_china,nightclub_singer,1930s,cabaret_singer,chinese_triadZhang_Yimou,Gong_Li,Li_Baotian,Sun_Chun,Wang_Xiaoxiao,Li_Xuejian,Liu_Jiang,Fu_Biao,Shu_Chen,Jiang_Baoying,Yang_Qianquan"
30,Dangerous Minds,"Former Marine Louanne Johnson lands a gig teaching in a pilot program for bright but underachieving teens at a notorious inner city high school  After having a terrible first day  she decides she must throw decorum to the wind  When Johnson returns to the classroom  she does so armed with a no nonsense attitude informed by her military training and a fearless determination to better the lives of her students    no matter what the cost She broke the rules    and changed their lives Dramacalifornia,rap_music,karate,high_school,naval_officer,teacher,based_on_memoir_or_autobiography,amusement_park,schoolteacherJohn_N._Smith,Michelle_Pfeiffer,George_Dzundza,Courtney_B._Vance,Robin_Bartlett,John_Neville,Lorraine_Toussaint,Renoly_Santiago,Skye_Bassett,Beatrice_Winde,Wade_Dominguez,Bruklin_Harris,Mercello_Thedford,Roberto_Alvarez,Richard_Grant,Marisela_Gonzales,Toni_Nichelle_Buzhardt"
31,Twelve Monkeys,"In the year    convict James Cole reluctantly volunteers to be sent back in time to discover the origin of a deadly virus that wiped out nearly all of the earth's population and forced the survivors into underground communities  But when Cole is mistakenly sent to   instead of    he's arrested and locked up in a mental hospital  There he meets psychiatrist Dr  Kathryn Railly  and patient Jeffrey Goines  the son of a famous virus expert  who may hold the key to the mysterious rogue group  the Army of the   Monkeys  thought to be responsible for unleashing the killer disease The future is history Mystery Sci-Fi Thrillerschizophrenia,philadelphia,cassandra_syndrom,stockholm_syndrome,time_travel,post-apocalyptic_future,dystopia,lethal_virus,monkey,cult_film,subterraneanTerry_Gilliam,Bruce_Willis,Madeleine_Stowe,Brad_Pitt,Christopher_Plummer,David_Morse,Jon_Seda,Christopher_Meloni,Joey_Perillo,LisaGay_Hamilton,Matt_Ross,Annie_Golden,Michael_Chance,H._Michael_Walls,Bob_Adrian,Bill_Raymond,Ernest_Abuba,Nell_Johnson,Rozwill_Young,Joseph_Melito,Frank_Gorshin,Aaron_Michael_Lacey,Vernon_Campbell,Simon_Jones,Carol_Florence,Irma_St._Paule,Frederick_Strother,Charles_Techman,Rick_Warner,Anthony_'Chip'_Brienza,Bruce_Kirkpatrick,Wilfred_Williams,Joilet_Harris,Drucie_McDaniel,John_Blaisse,Louis_Lippa,Stan_Kang,Pat_Dias,Felix_Pire,Karl_Warren,Joseph_McKenna,Stephen_Bridgewater,Ray_Huffman,Charley_Scalies,Paul_Meshejian,Kevin_Thigpen,Jann_Ellis,Michael_Ryan_Segal,Korchenko,Robert_O'Neill,Harry_O'Toole,Chuck_Jeffreys,Barry_Price,John_Panzarella,Janet_Zappala,Lisa_Talerico,Tiffany_Baldwin,C.J._Byrnes,Tom_Detrik,Joe_Gerety,Renee_Spei,Bonnie_Loev,Raymond_Mamrak,Allelon_Ruggiero,Thang,Sal_Mazzotta"
32,"Guillaumet, les ailes du courage","  Adventure Romance IMAX Jean-Jacques_Annaud,Craig_Sheffer,Elizabeth_McGovern,Tom_Hulce,Ken_Pogue,Ron_Sauvé,Val_Kilmer,Freddy_Andreiuci"
33,Babe,"Babe is a little pig who doesn't quite know his place in the world  With a bunch of odd friends  like Ferdinand the duck who thinks he is a rooster and Fly the dog he calls mom  Babe realizes that he has the makings to become the greatest sheep pig of all time  and Farmer Hogget knows it  With the help of the sheep dogs Babe learns that a pig can be anything that he wants to be A little pig goes a long way Children Dramaalarm_clock,cat,duck,sheep,pig,farm,affection,piglet,heroism,anthropomorphism,based_on_children's_book,dog,separation,farmer,grandson,sheepdog,talking_pigChris_Noonan,Christine_Cavanaugh,Miriam_Margolyes,Danny_Mann,Hugo_Weaving,Miriam_Flynn,James_Cromwell,Russi_Taylor,Evelyn_Krape,Michael_Edward-Stevens,Charles_Bartlett,Paul_Livingston,Roscoe_Lee_Browne,Magda_Szubanski,Zoe_Burton,Paul_Goddard,Wade_Hayward,Brittany_Byrnes,Mary_Acres,Debi_Derryberry,Maeve_Germaine"
34,Carrington,"Painter Dora Carrington develops an intimate but extremely complex bond with writer Lytton Strachey  Though Lytton is a homosexual  he is enchanted by the mysterious Dora and they begin a lifelong friendship that has strangely romantic undertones  Eventually  Lytton and Dora decide to live together  despite the fact that the latter has fallen in love with military man Ralph Partridge  whom she plans to marry A Love so Unusual it has to be TrueDrama Romanceengland,painter,conscientious_objector,independent_film,soldier,polyamoryChristopher_Hampton,Emma_Thompson,Jonathan_Pryce,Steven_Waddington,Samuel_West,Rufus_Sewell,Penelope_Wilton,Janet_McTeer,Jeremy_Northam,Alex_Kingston,Richard_Clifford,David_Ryall,Stephen_Boxer,Peter_Blythe,Sebastian_Harcombe,Annabel_Mullion,Daniel_Betts"
35,Dead Man Walking,"A justice drama based on a true story about a man on death row who  in his last days  forms a strong relationship with a nun who teaches him forgiveness and gives him spirituality  as she accompanies him to his execution  Crime Dramaprison,rape,nun,socially_deprived_family,penalty,death_penalty,despair,death_row,therapist,self-discovery,prison_cell,court_case,death_sentence,doomed_man,sentence,lethal_injection,forgiveness,charity,mercy_petition,rage_and_hate,unsociability,right_and_justice,court,cowardlinessTim_Robbins,Susan_Sarandon,Sean_Penn,Robert_Prosky,Raymond_J._Barry,R._Lee_Ermey,Celia_Weston,Lois_Smith,Scott_Wilson,Roberta_Maxwell,Margo_Martindale,Jack_Black,Ray_Aranha,Peter_Sarsgaard,Barton_Heyman,Steve_Boles,Nesbitt_Blaisdell,Larry_Pine,Kevin_Cooney,Clancy_Brown,Michael_Cullen,Missy_Yager,Jenny_Krochmal,Jon_Abrahams,Arthur_Bridgers,Steve_Carlisle,Eva_Amurri_Martino,Jack_Henry_Robbins,Dennis_Neal,Molly_Bryant,Adele_Robbins,Pete_Burris,Joan_Glover,Lenore_Banks,Scott_Sowers,Cortez_Nance_Jr.,Adam_Nelson,Jeremy_Knaster,Marcus_Lyle_Brown,Anthony_Michael_Frederick,Thomas_McGowan,Codie_Scott,Helen_Prejean,Miles_Robbins"
36,Across the Sea of Time,"A young Russian boy  Thomas Minton  travels to New York as a passenger on a Russian freighter  Close to Ellis Island he gets off and thus starts his journey to America the same way as all immigrants in former times  Thomas is searching for the family of one of his ancestors  who had emigrated decades ago  but once sent a letter home together with a sample of his new profession   D Photography  The boy follows his relative's traces by counter checking the old  D Photographs of New York  using an antique viewer  with the same places and how they look today  This way  the audience gets to see the Big Apple in former times as well as today  Documentary IMAX Stephen_Low,Peter_Reznick,John_McDonough,Avi_Hoffman,Matt_Malloy,Abby_Lewis,Victor_Steinbach,Peter_Boyden,Philip_Levy,Nick_Muglia,Luigi_Petrozza,Bernard_Ferstenberg,Robert_Buckley,Donald_Trump,Patrick_Flynn"
37,It Takes Two,"Identical   year olds from very different backgrounds  orphaned Amanda and wealthy Alyssa meet at summer camp and decide to switch places    and play matchmaker between Alyssa's dad  Roger  and the kind social worker who cares for Amanda Two identical strangers  Two different worlds  One perfect match Children Comedymatchmaking,orphan,identical_twin,relationship_sabotageAndy_Tennant,Kirstie_Alley,Steve_Guttenberg,Ashley_Olsen,Mary-Kate_Olsen,Jane_Sibbett,Philip_Bosco,Michelle_Grisom,Desmond_Robertson,Tiny_Mills,Shanelle_Henry,Michèle_Lonsdale_Smith,Sean_Orr,Elizabeth_Walsh,Dov_Tiefenbach"
38,Clueless,"Shallow  rich and socially successful Cher is at the top of her Beverly Hills high school's pecking scale  Seeing herself as a matchmaker  Cher first coaxes two teachers into dating each other  Emboldened by her success  she decides to give hopelessly klutzy new student Tai a makeover  When Tai becomes more popular than she is  Cher realizes that her disapproving ex stepbrother was right about how misguided she was    and falls for him Sex  Clothes  Popularity  Is there a problem here Comedy Romancepuberty,high_school,make_a_match,spoiled_child,conflict,woman_director,gayAmy_Heckerling,Alicia_Silverstone,Stacey_Dash,Brittany_Murphy,Paul_Rudd,Donald_Faison,Elisa_Donovan,Breckin_Meyer,Jeremy_Sisto,Dan_Hedaya,Wallace_Shawn,Twink_Caplan,Justin_Walker,Sabastian_Rashidi,Herb_Hall,Julie_Brown,Susan_Mohun,Nicole_Bilderback,Ron_Orbach,Sean_Holland,Roger_Kabler,Jace_Alexander,Josh_Lozoff,Carl_Gottlieb,Joseph_D._Reitman,Anthony_Beninati,Micki_Duran,Gregg_Russell,Jermaine_Montell,Danielle_Eckert,Amy_Heckerling,Michael_Klesic,Sam_Maccarone,Monica_Eva_Foster"
39,"Cry, the Beloved Country","A South African preacher goes to search for his wayward son who has committed a crime in the big city  Dramabased_on_novel_or_book,south_africa,apartheid,priest,1940s,race_relationsDarrell_James_Roodt,James_Earl_Jones,Charles_S._Dutton,Jack_Robinson,Tsholofelo_Wechoemang,Ramalao_Makhene,Richard_Harris,Dolly_Rathebe,Jennifer_Steyn,Ian_Roberts,David_Clatworthy"
40,Richard III,"A murderous lust for the British throne sees Richard III  Ian McKellen  descend into madness  Though the setting is transposed to the  s  England is torn by civil war  split between the rivaling houses of York and Lancaster  Richard aspires to a fascist dictatorship  but must first remove the obstacles to his ascension    among them his brother  his nephews and his brother's wife  Annette Bening   When the Duke of Buckingham  Jim Broadbent  deserts him  Richard's plans are compromised I can smile  and murder while I smileDrama Warengland,kidnapping,murder,kingRichard_Loncraine,Ian_McKellen,Annette_Bening,Jim_Broadbent,Robert_Downey_Jr.,Kristin_Scott_Thomas,Adrian_Dunbar,Maggie_Smith,Tim_McInnerny,Edward_Hardwicke,Nigel_Hawthorne,Jim_Carter,Dominic_West,John_Wood,Roger_Hammond,Bill_Paterson,Donald_Sumpter,Michael_Elphick,Kate_Steavenson-Payne,James_Dreyfus,David_Antrobus,Christopher_Bowen,Edward_Jewesbury,Matthew_Groom,Ryan_Gilmore,Marco_Williamson,Tres_Hanley,Andy_Rashleigh,Denis_Lill,Bruce_Purchase,Madeleine_Mora,Stacey_Kent,Derek_Lyons"
41,Dead Presidents,"Depicts a heist of old bills  retired from circulation and destined by the government to be ""money to burn""  However  more broadly  it addresses the issues of Black Americans' involvement in the Vietnam War and their subsequent disillusionment with progress in social issues and civil rights back home in the United States  during the  s In this daring heist  the only color that counts is greenAction Crime Dramapost_traumatic_stress__disorder,drug_abuse,war_veteran,vietnam,heist,money,loss_of_virginity,redemption,revolutinoary,mercy_killing,armored_truck,bronx,_new_york_city,medic,1960s,graphic_violenceAlbert_Hughes,Allen_Hughes,Larenz_Tate,Keith_David,Chris_Tucker,Freddy_Rodríguez,Rose_Jackson,N'Bushe_Wright,Clifton_Powell,Terrence_Howard,Bokeem_Woodbine,Clifton_Collins_Jr.,Elizabeth_Rodriguez,Michael_Imperioli,Cheryl_Freeman,James_Pickens_Jr.,Jenifer_Lewis,Ryan_Williams,Larry_McCoy,Rodney_Winfield,Sticky_Fingaz,David_Barry_Gray,Jaimz_Woolvett,Jean-Claude_La_Marre,Daniel_Kruse,Bernard_Telsey,Rik_Colitti,Carlton_Wilborn,Frank_Albanese,Monti_Sharp,Tony_Sirico,Robert_LuPone,Martin_Sheen,Isaiah_Washington,Chad_Bonsack,Michael_Carrara,Seymour_Cassel,Danny_Chung,Brian_Donahue,Collin_Fowler"
42,Restoration,"An aspiring young physician  Robert Merivel found himself in the service of King Charles II and saves the life of someone close to the King  Merivel joins the King's court and lives the high life provided to someone of his position  Merivel is ordered to marry his King's mistress in order to divert the queens suspicions  He is given one order by the king and that is not to fall in love  The situation worsens when Merivel finds himself in love with his new wife  Eventually  the King finds out and relieves Merivel of his position and wealth  His fall from grace leaves Merivel where he first started  And through his travels and reunions with an old friend  he rediscovers his love for true medicine and what it really means to be a physician An ordinary man  an irresistible offer  In a world of seduction and power  temptation has its price Dramajealousy,medicine,fountain,court,wealth,spaniel,gloves,17th_century,british_monarchyMichael_Hoffman,Robert_Downey_Jr.,Meg_Ryan,Sam_Neill,David_Thewlis,Hugh_Grant,Polly_Walker,Ian_McKellen,Ian_McDiarmid,Mary_MacLeod,Willie_Ross,Benjamin_Whitrow,Roger_Ashton-Griffiths,Andrew_Havill,Tony_Gardner,David_Ryall"
43,Mortal Kombat,"For nine generations an evil sorcerer has been victorious in hand to hand battle against his mortal enemies  If he wins a tenth Mortal Kombat tournament  desolation and evil will reign over the multiverse forever  To save Earth  three warriors must overcome seemingly insurmountable odds  their own inner demons  and superhuman foes in this action adventure movie based on one of the most popular video games of all time Nothing In This World Has Prepared You For This Action Adventure Fantasysaving_the_world,martial_arts,monster,island,magic,alternate_dimension,ninja,gore,sorcerer,tournament,violence,based_on_video_game,gods,ghost,hand_to_hand_combat,mortal_kombatPaul_W._S._Anderson,Christopher_Lambert,Robin_Shou,Linden_Ashby,Cary-Hiroyuki_Tagawa,Bridgette_Wilson,Talisa_Soto,Trevor_Goddard,Chris_Casamassa,François_Petit,Keith_Cooke,Ed_Boon,Frank_Welker,Gregory_McKinney,Kenneth_Edwards,Peter_Jason,Lloyd_Kino,Steven_Ho,Sandy_Helberg,Daniel_Haggard,John_Fujioka"
44,To Die For,"Suzanne Stone wants to be a world famous news anchor and she is willing to do anything to get what she wants  What she lacks in intelligence  she makes up for in cold determination and diabolical wiles  As she pursues her goal with relentless focus  she is forced to destroy anything and anyone that may stand in her way  regardless of the ultimate cost or means necessary All she wanted was a little attention Comedy Drama Thrilleradultery,based_on_novel_or_book,winter,obsession,television,new_hampshire,mockumentary,narcissistic_personality_disorderGus_Van_Sant,Nicole_Kidman,Matt_Dillon,Joaquin_Phoenix,Casey_Affleck,Alison_Folland,Illeana_Douglas,Dan_Hedaya,Wayne_Knight,Kurtwood_Smith,Holland_Taylor,Susan_Traylor,George_Segal,Tim_Hopper,Michael_Rispoli,Buck_Henry,Gerry_Quigley,Conrad_Coates,David_Cronenberg,David_Collins,Janet_Lo,Kyra_Harper,Katie_Griffin,Chris_Phillips,Rain_Phoenix,Tamara_Gorski,Tom_Forrester,Maria_Tucci,Alan_Edward_Lewis,Nadine_MacKinnon,Ron_Gabriel,Ian_Heath,Graeme_Millington,Sean_Ryan,Nicholas_Pasco,Joyce_Maynard,Eve_Crawford,Tom_Quinn,Peter_Glen,Amber-Lee_Campbell,Colleen_Williams,Simon_Richards,Philip_Williams,Susan_Backs,Adam_Roth,Andrew_Scott,Carla_Renee,Mischa"
45,How to Make an American Quilt,"Soon to be wed graduate student Finn Dodd develops cold feet when she suspects her fiancé is cheating on her  In order to clear her head  Finn visits her grandmother  Hy  and great aunt  Glady Joe Cleary  in Grasse  Calif  There  Finn learns that Hy and Glady Joe are members of a group of passionate quilters  and over the course of her visit she is regaled with tales of love and life by women who have collected rich experiences and much wisdom There's beauty in the patterns of life Drama Romancewedding_vows,marriage_proposal,married_couple,monogamy,advice,marriage,quilt,love,family_holiday,extramarital_affair,grandmother,woman_directorJocelyn_Moorhouse,Winona_Ryder,Anne_Bancroft,Ellen_Burstyn,Kate_Nelligan,Jean_Simmons,Maya_Angelou,Alfre_Woodard,Dermot_Mulroney,Lois_Smith,Kate_Capshaw,Rip_Torn,Johnathon_Schaech,Samantha_Mathis,Joanna_Going,Esther_Rolle,Jared_Leto,Claire_Danes,Lecy_Goranson,Holland_Taylor,Tim_Guinee,Derrick_O'Connor,Loren_Dean,Melinda_Dillon,Richard_Jenkins,Denis_Arndt,Adam_Baldwin,Michael_McElroy,Ari_Meyers,Jane_Alden,Tamala_Jones,Rae'Ven_Larrymore_Kelly,Alicia_Goranson,Will_Estes,Mykelti_Williamson"
46,Se7en,"Two homicide detectives are on a desperate hunt for a serial killer whose crimes are based on the ""seven deadly sins"" in this dark and haunting film that takes viewers from the tortured remains of one victim to the next  The seasoned Det  Sommerset researches each sin in an effort to get inside the killer's mind  while his novice partner  Mills  scoffs at his efforts to unravel the case Seven deadly sins  Seven ways to die Mystery Thrillerself-fulfilling_prophecy,detective,s.w.a.t.,drug_dealer,evisceration,lust_and_impulsiveness,rage_and_hate,pride_and_vanity,immoderateness,insomnia,investigation,pension,police,serial_killer,neo-noirDavid_Fincher,Brad_Pitt,Morgan_Freeman,Gwyneth_Paltrow,Kevin_Spacey,R._Lee_Ermey,John_C._McGinley,Julie_Araskog,Mark_Boone_Junior,John_Cassini,Reg_E._Cathey,Peter_Crombie,Richard_Roundtree,Richard_Schiff,Hawthorne_James,Michael_Massee,Leland_Orser,Richard_Portnow,Daniel_Zacapa,Alfonso_Freeman,Harris_Savides,Andrew_Kevin_Walker,Richmond_Arquette,Pamala_Tyson,Emily_Wagner,Shannon_Wilcox,George_Christy,Endre_Hules,William_Davidson,Bob_Collins,Dominique_Jennings,Allan_Kolman,Gene_Borkan,Mario_Di_Donato,Harrison_White,Bob_Stephenson,Michael_Reid_MacKay,Lennie_Loftin,Martin_Serene,David_Correia,Lexie_Bigham,Evan_Mirand,Paul_Eckstein,Rachel_Flanagan,Heidi_Schanz,Brian_Evers,James_Deeth,Charles_A._Tamburro,Charles_S._Dutton,Arthur_Max"
47,Pocahontas,"Pocahontas  daughter of a Native American tribe chief  falls in love with an English soldier as colonists invade  th century Virginia An American legend comes to life Animation Children Drama Musical Romanceculture_clash,forbidden_love,colony,musical,gold_rush,princess,native_american,colonisation,virginia,star_crossed_lovers,intercultural_relationship,based_on_myths,_legends_or_folklore,17th_century,shamanism,animal_sidekickMike_Gabriel,Eric_Goldberg,Irene_Bedard,Mel_Gibson,David_Ogden_Stiers,John_Kassir,Russell_Means,Christian_Bale,Judy_Kuhn,Linda_Hunt,Danny_Mann,Billy_Connolly,Joe_Baker,Frank_Welker,Michelle_St._John,James_Apaumut_Fall,Gordon_Tootoosis,Jim_Cummings"
48,When Night Is Falling,"A prudish woman working on tenure as a literacy professor at a large urban university finds herself attracted to a free spirited  liberal woman who works at a local carnival  Drama Romanceprofessor,lgbt,woman_directorPatricia_Rozema,Pascale_Bussières,Rachael_Crawford,Henry_Czerny,Don_McKellar"
49,The Usual Suspects,"Held in an L A  interrogation room  Verbal Kint attempts to convince the feds that a mythic crime lord  Keyser Soze  not only exists  but was also responsible for drawing him and his four partners into a multi million dollar heist that ended with an explosion in San Pedro harbor – leaving few survivors  Verbal lures his interrogators with an incredible story of the crime lord's almost supernatural prowess Five Criminals  One Line Up  No Coincidence Crime Mystery Thrillernew_york_city,law,suspect,relatives,flashback,police_corruption,theft,criminal,criminal_mastermind,hungarian,cargo_ship,mind_game,neo-noir,mystery_villainBryan_Singer,Stephen_Baldwin,Kevin_Spacey,Gabriel_Byrne,Chazz_Palminteri,Kevin_Pollak,Pete_Postlethwaite,Suzy_Amis,Giancarlo_Esposito,Benicio_del_Toro,Dan_Hedaya,Paul_Bartel,Carl_Bressler,Christine_Estabrook,Clark_Gregg,Morgan_Hunter,Louis_Lombardi,Frank_Medrano,Ron_Gilbert,Peter_Greene,Castulo_Guerra,Vito_D'Ambrosio,Gene_Lythgow,Smadar_Hanson,Christopher_McQuarrie"
50,Guardian Angel,"Detective   turned   bodyguard Cynthia McKay  Cynthia Rothrock  is hired by a psychotic icy seductress  Nina Lindell  Lydie Denier   the same woman who killed Mckay's lover months earlier   With vendetta in her heart McKay accompanies the flamboyantly playful womanizer through the glamourous world of the super rich as his protector   In a unique role reversal  it is the woman protecting the man from another woman  erupting into a deadly triangle of passion  suspense and action She's no angel of mercy Action Drama Thriller Richard_W._Munchkin,Cynthia_Rothrock,Marshall_R._Teague,Daniel_McVicar,Lydie_Denier,John_O'Leary,Art_Camacho,Robert_Miano"
51,Mighty Aphrodite,"When Lenny and his wife  Amanda  adopt a baby  Lenny realizes that his son is a genius and becomes obsessed with finding the boy's biological mother in hopes that she will be brilliant too  But when he learns that Max's mother is Linda Ash  a kindhearted prostitute and porn star  Lenny is determined to reform her immoral lifestyle  A Greek chorus chimes in to relate the plot to Greek mythology in this quirky comedy  Comedy Drama Romanceprostitute,adoption,adoptive_father,childlessness,looking_for__birth_parents,adoptive_mother,illegal_prostitution,childWoody_Allen,Woody_Allen,Mira_Sorvino,Helena_Bonham_Carter,F._Murray_Abraham,Donald_Symington,Claire_Bloom,Olympia_Dukakis,Michael_Rapaport,David_Ogden_Stiers,Jack_Warden,Peter_Weller,Danielle_Ferland,Paul_Giamatti,Tony_Sirico"
52,Lamerica,"Fiore  an Italian conman  arrives in post Communist Albania with Gino  his young apprentice  to set up a shoe factory that will never open  The con requires a native Albanian  so they designate Spiro  an impoverished and confused former political prisoner as chairman of the board  When Fiore returns to Italy to get government funds for the project  Spiro unexpectedly disappears and Gino sets out on a journey to find him  The search leads him to discover Spiro's tragic personal history and witness Albanian poverty firsthand  Adventure Dramaindependent_filmGianni_Amelio,Enrico_Lo_Verso,Michele_Placido,Piro_Milkani,Carmelo_Di_Mazzarelli,Elida_Janushi,Besim_Kurti,Marjeta_Ljarja"
53,The Big Green,"In a depressed Texas town  British foreign exchange teacher Anna attempts to inject some life into her hopeless kids by introducing them to soccer  They're terrible at first  but Anna and her football hero assistant whip them into shape  As they work overtime  the pair help kids build their self esteem and also get involved in solving family squabbles The biggest kick of the year Children Comedysports,football_(soccer),woman_directorHolly_Goldberg_Sloan,Steve_Guttenberg,Olivia_d'Abo,Jay_O._Sanders,John_Terry,Bug_Hall,Jessica_Robertson,Patrick_Renna,Billy_L._Sullivan,Chauncey_Leopardi,Jordan_Brower,Hayley_Kolb,Haley_Miller,Ashley_Welch"
54,Georgia,"Sadie looks up to her older sister Georgia  a successful folk singer who's happily married with children  but can't break out of the bar band circuit and hit the big time she desperately covets  It's in part due to her attraction to drugs and booze  and also to her own unwise choice in men  Finally  though  Sadie's Achilles heel is a rough  unlovely voice very different than her sister's crowd pleasing singing The toughest act to follow was their dreams Dramasibling_relationship,alcohol,seattle,heroin,artist,music,singer,drugs,folk_singer,band,female_singer,sister_sister_relationshipUlu_Grosbard,Jennifer_Jason_Leigh,Mare_Winningham,Ted_Levine,Max_Perlich,John_Doe,John_C._Reilly,Jimmy_Witherspoon,Jason_Carter"
55,Kids of the Round Table,"Set in modern times  Alex finds King Arthur's sword Excalibur and must prove himself worthy of it  Adventure Children Comedy Fantasysword,merlin,king_arthur,excaliburRobert_Tinnell,Johnny_Morina,Malcolm_McDowell,Maggie_Castle,James_Rae,Michael_Ironside"
56,Home for the Holidays,"After losing her job  making out with her soon to be ex boss  and finding out that her daughter plans to spend Thanksgiving with her boyfriend  Claudia Larson has to face spending the holiday with her family  She wonders if she can survive their crazy antics We'll do it every year    until we get it right Dramagenerations_conflict,baltimore,thanksgiving,family_clan,family_conflict,woman_directorJodie_Foster,Holly_Hunter,Robert_Downey_Jr.,Anne_Bancroft,Charles_Durning,Claire_Danes,Dylan_McDermott,Geraldine_Chaplin,Steve_Guttenberg,David_Strathairn,Cynthia_Stevenson"
57,Il postino,"Simple Italian postman learns to love poetry while delivering mail to a famous poet  he uses this to woo local beauty Beatrice Dreams do come true Comedy Drama Romanceisland,letter,postman,naples,_italy,fisherman,poet,love,povertyMichael_Radford,Philippe_Noiret,Massimo_Troisi,Maria_Grazia_Cucinotta,Renato_Scarpa,Linda_Moretti,Mariano_Rigillo,Anna_Bonaiuto,Simona_Caparrini,Carlo_Di_Maio,Nando_Neri,Vincenzo_Di_Sauro,Orazio_Stracuzzi,Sergio_Solli,Alfredo_Cozzolino"
58,Le confessionnal,"The year is    in Quebec City  Rachel      unmarried and pregnant  works in the church  Filled with shame  she unburdens her guilt to a young priest  under the confidentiality of the confessional  In the present year of    Pierre Lamontagne has returned to Quebec to attend his father's funeral  He meets up with his adopted brother  Marc  who has begun questioning his identity and has embarked on a quest for his roots that would lead them to the Quebec of the  s  Past and present converge in a complex web of intrigue where the answer to the mystery lies  Drama Mystery Robert_Lepage,Lothaire_Bluteau,Patrick_Goyette,Jean-Louis_Millette,Kristin_Scott_Thomas,Ron_Burrage,Suzanne_Clément"
59,The Indian in the Cupboard,"A nine year old boy gets a plastic Indian and a cupboard for his birthday and finds himself involved in adventure when the Indian comes to life and befriends him  Adventure Children Fantasycupboard,toy,games,puppet,based_on_children's_book,parallel_world,toy_comes_to_life,toy_soldierFrank_Oz,Hal_Scardino,Litefoot,Lindsay_Crouse,Richard_Jenkins,Rishi_Bhat,Steve_Coogan,David_Keith,Sakina_Jaffrey,Vincent_Kartheiser,Nestor_Serrano,Frank_Welker"
60,Eye for an Eye,"It's fire and brimstone time as grieving mother Karen McCann takes justice into her own hands when a kangaroo court in Los Angeles fails to convict Robert Doob  the monster who raped and murdered her   year old daughter What do you do when justice fails Drama Thrillerrape,gun,self-defense,grieving_parentsJohn_Schlesinger,Sally_Field,Kiefer_Sutherland,Ed_Harris,Beverly_D'Angelo,Charlayne_Woodard,Joe_Mantegna,Olivia_Burnette,Alexandra_Kyle,Keith_David,Philip_Baker_Hall,Natalija_Nogulich,Armin_Shimerman,Nicholas_Cascone,Darrell_Larson,Cynthia_Rothrock,Wanda_Acuna,Sierra_Pecheur,Donal_Logue"
61,Mr. Holland's Opus,"In    passionate musician Glenn Holland takes a day job as a high school music teacher  convinced it's just a small obstacle on the road to his true calling  writing a historic opus  As the decades roll by with the composition unwritten but generations of students inspired through his teaching  Holland must redefine his life's purpose Of All the Lives He Changed  the One That Changed the Most Was His Own Dramacomposer,mentor,deaf-mute,musical,apprentice,private_life,music,disabledStephen_Herek,Richard_Dreyfuss,Glenne_Headly,Jay_Thomas,Olympia_Dukakis,William_H._Macy,Alicia_Witt,Nicholas_John_Renner,Joseph_Anderson,Anthony_Natale,Jean_Louisa_Kelly,Terrence_Howard,Damon_Whitaker,Alexandra_Boyd,Joanna_Gleason,Beth_Maitland,Joshua_Minnick"
62,Don't Be a Menace to South Central While Drinking Your Juice in the Hood,"When Ashtray  Shawn Wayans  moves to South Central L A  to live with his father  who appears to be the same age he is  and grandmother  who likes to talk tough and smoke reefer   he falls in with his gang banging cousin Loc Dog  Marlon Wayans   who along with the requisite pistols and Uzi carries a thermo nuclear warhead for self defense  Will Ashtray be able to keep living the straight life Finally  the movie that proves that Justice isn't always Poetic  Jungle Fever isn't always pretty  and Higher Learning can be a waste of time Comedy Crimedate,slang,hip-hop,gangster,cousin,parody,hood,gang,social_satire,racismParis_Barclay,Shawn_Wayans,Marlon_Wayans,Tracey_Cherelle_Jones,Chris_Spencer,Vivica_A._Fox,Rappin'_Granny,Suli_McCullough,Bernie_Mac,Faizon_Love,Keenen_Ivory_Wayans,Kim_Wayans,Helen_Martin,Virginia_Watson,Darrel_Heath,Omar_Epps"
63,Two If by Sea,"Frank O'Brien  a petty thief  and his   year long girlfriend Roz want to put an end to their unsteady lifestyle and just do that last job  which involves stealing a valuable painting  Frank takes Roz to an island on the coast of New England  where he wants to sell the painting and also hopes that their sagging relationship will get a positive push back up  Not everything goes as planned A new comedy about love  laughter  and larcenyComedy Romanceisland,painting,thief,seasicknessBill_Bennett,Sandra_Bullock,Denis_Leary,Yaphet_Kotto,Stephen_Dillane,Tracey_Cherelle_Jones,Julia_Montgomery_Brown,Jane_Moffat,Mike_Starr,Jonathan_Tucker,Wayne_Robson,Michael_Badalucco,Angela_Moore,Lenny_Clarke,Jonny_Fido,Don_Gavin,John_Friesen,Markus_Parilo,Sean_Runnette,Richard_Fitzpatrick,Claire_Rankin,Michael_Risley,Martha_Irving,Sandi_Ross,Gia_Carides"
64,Bio-Dome,"Bud and Doyle are two losers who are doing nothing with their lives  Both of their girlfriends are actively involved in saving the environment  but the two friends couldn't care less about saving the Earth  One day  when a group of scientists begin a mission to live inside a ""Bio Dome"" for a year without outside contact  Bud and Doyle mistakenly become part of the project themselves Bud and Doyle are here to save the world  But who's gonna save the world from Bud and Doyle Comedybiotope,vegetarian,pollution,biosphereJason_Bloom,Pauly_Shore,Stephen_Baldwin,William_Atherton,Joey_Lauren_Adams,Teresa_Hill,Henry_Gibson,Kevin_West,Denise_Dowse,Dara_Tomanovich,Rose_McGowan,Taylor_Negron,Patricia_Hearst,Jeremy_Jordan,Trevor_St._John,Channon_Roe,Kylie_Minogue,Kyle_Gass,Jack_Black,Christopher_Dye"
65,Lawnmower Man 2: Beyond Cyberspace,"Jobe is resuscitated by Jonathan Walker  He wants Jobe to create a special computer chip that would connect all the computers in the world into one network  which Walker would control and use  But what Walker doesn't realize is a group of teenage hackers are on to him and out to stop his plan God made him simple  Science made him a god  Now  he wants revenge Action Sci-Fi Thrillerhacker,virtual_reality,computer,sword_fightFarhad_Mann,Patrick_Bergin,Matt_Frewer,Austin_O'Brien,Ely_Pouget,Camille_Cooper,Patrick_LaBrecque,Crystal_Celeste_Grant,Sean_P._Young,Mathew_Valencia,Kevin_Conway,Trever_O'Brien,Richard_Fancy,Ellis_E._Williams,Castulo_Guerra,Molly_Shannon,Ralph_Ahn,David_Byrd,Stéphanie_Menuez,Nancy_Chen,Amanda_Hillwood,Patricia_Belcher,Gregg_Daniel,Arthur_Mendoza,Dale_E._House,John_Benjamin_Martin,Ayo_Adejugbe,Yoshio_Be,Carl_Carlsson,David_Gene_Gibbs,Pamela_West,Dan_Lipe,Kenny_Endoso"
66,Two Bits,"It's a hot summer day in   in South Philly  where   year old Gennaro lives with his widowed mom and his ailing grandpa  who sits outside holding tight to his last quarter  which he's promised to Gennaro and which Gennaro would like to have to buy a ticket to the plush new movie theater  But grandpa's not ready to pass on the quarter or pass on to his final reward  he has some unfinished business with a woman from his past  and he enlists Gennaro to act as his emissary You're never too old to believe in a dream  Or too young to make one come true Drama James_Foley,Jerry_Barone,Al_Pacino,Mary_Elizabeth_Mastrantonio,Joe_Grifasi,Geoff_Pierson,Patrick_Borriello,Andy_Romano,Donna_Mitchell,Mary_Testa,Joey_Perillo,Alec_Baldwin,Ron_McLarty,Charley_Scalies,Joanna_Merlin,Mario_D'Elia"
67,Gazon maudit,"After learning of her husband's infidelities  a housewife invites an itinerant lesbian to move in with them  None of their lives will ever be the same again A scorned wife  An outrageous affair  The perfect revenge Comedy Romancelove_triangle,southern_france,estate_agent,menage_a_trois,van,polyamory,woman_directorJosiane_Balasko,Victoria_Abril,Josiane_Balasko,Alain_Chabat,Ticky_Holgado,Catherine_Hiegel,Catherine_Samie,Catherine_Lachens,Katrine_Boorman,Telsche_Boorman,Véronique_Barrault,Sylvie_Audcoeur,Michèle_Bernier,Maureen_Diot,Miguel_Bosé,Jean-Luc_Violet"
68,Friday,"Craig and Smokey are two guys in Los Angeles hanging out on their porch on a Friday afternoon  smoking and drinking  looking for something to do A lot can go down between thursday and saturday   Comedyrap_music,parent_child_relationship,rapper,jobF._Gary_Gray,Ice_Cube,Chris_Tucker,Nia_Long,Tom_Lister_Jr.,John_Witherspoon,Anna_Maria_Horsford,Regina_King,Paula_Jai_Parker,Faizon_Love,DJ_Pooh,Tony_Cox,Anthony_Johnson,Bernie_Mac,Meagan_Good,Terri_J._Vaughn,F._Gary_Gray,Reynaldo_Rey,Michael_Clarke_Duncan"
69,From Dusk Till Dawn,"Seth Gecko and his younger brother Richard are on the run after a bloody bank robbery in Texas  They escape across the border into Mexico and will be home free the next morning  when they pay off the local kingpin  They just have to survive 'from dusk till dawn' at the rendezvous point  which turns out to be a Hell of a strip joint One night is all that stands between them and freedom  But it's going to be a hell of a night Action Comedy Horror Thrillerdancing,sibling_relationship,showdown,sheriff,bank_robber,vampire,holy_water,siege,stripper,priest,bank_robbery,preacher,hostage_situation,crucifix,recreational_vehicle,convenience_store,mexican_american_border,boa_constrictorRobert_Rodriguez,George_Clooney,Quentin_Tarantino,Harvey_Keitel,Juliette_Lewis,Ernest_Liu,Salma_Hayek,Cheech_Marin,Danny_Trejo,Tom_Savini,Fred_Williamson,Michael_Parks,Brenda_Hillhouse,John_Saxon,Marc_Lawrence,Kelly_Preston,John_Hawkes,Tito_Larriva,Peter_Atanasoff,Johnny_Vatos_Hernandez,Aimee_Graham,Heidi_McNeal,Ernest_M._Garcia,Gregory_Nicotero,Cristos,Mike_Moroff,Tia_Texada,Janine_Jordae,Ungela_Brockman,Michelle_Berube,Michael_McKay,Jake_McKinnon,Walter_Phelan,Wayne_Toth,Rosalia_Hayakawa,Amy_Minda_Cohen,Cecilia_Montiel,Annette_Harper"
70,Fair Game,"Max Kirkpatrick is a cop who protects Kate McQuean  a civil law attorney  from a renegade KGB team out to terminate herHe's a cop on the edge  She's a woman with a dangerous secret  And now they're both   Actionbomb,miami,_florida,detective,handcuffs,based_on_novel_or_book,hostage,fbi,kidnapping,hacker,kgb,chase,sadism,parking_garage,pizza,police_protection,psychopath,remake,car_crash,conspiracy,on_the_run,fugitive,shootout,gunfight,sadist,foot_chase,police_detective,police_station,car_chase,held_at_gunpoint,double_cross,cult_film,machine_gun,swat_team,grenade_launcher,underwater_scene,rogue_agent,woman_lawyer,damsel_in_distressAndrew_Sipes,William_Baldwin,Cindy_Crawford,Steven_Berkoff,Christopher_McDonald,Miguel_Sandoval,Johann_Carlo,Salma_Hayek,John_Bedford_Lloyd,Jenette_Goldstein,Paul_Dillon,Olek_Krupa,Gustav_Vintas,Marc_Macaulay,Ruben_Rabasa,Sonny_Carl_Davis,Dan_Hedaya,Antoni_Corone,Dan_Hedaya"
71,Kicking and Screaming,"After college graduation  Grover's girlfriend Jane tells him she's moving to Prague to study writing  Grover declines to accompany her  deciding instead to move in with several friends  all of whom can't quite work up the inertia to escape their university's pull  Nobody wants to make any big decisions that would radically alter his life  yet none of them wants to end up like Chet  the professional student who tends bar and is in his tenth year of university studies Anxiety loves companyComedy Dramabar,male_friendship,college,friendship,campus,video_store,graduateNoah_Baumbach,Josh_Hamilton,Olivia_d'Abo,Carlos_Jacott,Eric_Stoltz,Chris_Eigeman,Jason_Wiles,Parker_Posey,Samuel_Gould,Catherine_Kellner,Jonathan_Baumbach,Peter_Czernin,Eliza_Roberts,Christopher_Reed,Noah_Baumbach,Dean_Cameron,Elliott_Gould,David_DeLuise,Cara_Buono,Perrey_Reeves,Lauren_Katz,John_Lehr,Ian_Davids,Kaela_Dobkin"
72,Les misérables,"In France during World War II  a poor and illiterate man  Henri Fortin  Jean Paul Belmondo   is introduced to Victor Hugo's classic novel Les Misérables and begins to see parallels between the book and his own life In a time of chaos  in a world of change  he was moved by a book he could not read to become a hero he never imagined Drama Warparis,_france,nun,jew_/_jewish,boxer,lawyerClaude_Lelouch,Jean-Paul_Belmondo,Michel_Boujenah,Alessandra_Martines,Salomé_Lelouch,Annie_Girardot,Philippe_Léotard,Philippe_Khorsand,Ticky_Holgado,Rufus,Nicole_Croisille,William_Leymergie,Jean_Marais,Micheline_Presle,Darry_Cowl,Clémentine_Célarié,Daniel_Toscan_du_Plantier"
73,Bed of Roses,"The seeds of love are planted when Lisa  a high powered investment banker  receives flowers from a secret admirer  But when his fairy tale fantasies clash with her workaholic ways  they soon find out that sometimes  it's harder than it seems for love to conquer all He gave her flowers  She gave him a chance Drama Romanceflorist,family_relationshipsMichael_Goldenberg,Christian_Slater,Mary_Stuart_Masterson,Pamela_Adlon,Josh_Brolin,Brian_Tarantina,Debra_Monk,Mary_Alice,Kenneth_Cranham,Ally_Walker,Anne_Pitoniak,Michael_Haley,Cass_Morgan,Gina_Torres,Nick_Tate,Víctor_Sierra,Michael_Mantell,Zachary_Chaltiel,Claire_Jacobs,Paul_Cassell,Yvonne_Zima,Desiree_Casado,Aldis_Hodge,Jessica_Brooks_Grant,Jonathan_Nocera,Leah_Pepper,Donna_Jean_Fogel,S.A._Griffin,Edith_Blume,Liz_Sinclair,Al_Cerullo,John_D._Bair,Jamie_Harrold,Adrian_Lee,Andrea_Leigh,Benjamin_Rutkowski"
74,Big Bully,"A writer returns to his hometown where he faces the childhood nemesis whose life he ultimately ruined  only the bully wants to relive their painful past by torturing him once again A comedy for the kid in all of us Comedy DramabullySteve_Miner,Rick_Moranis,Tom_Arnold,Julianne_Phillips,Carol_Kane,Jeffrey_Tambor,Curtis_Armstrong,Don_Knotts,Doug_Abrahams"
75,Screamers,"SIRIUS  B  Year    On a distant mining planet ravaged by a decade of war  scientists have created the perfect weapon  a blade wielding  self replicating race of killing devices known as Screamers designed for one purpose only    to hunt down and destroy all enemy life forms The last scream you hear will be your own Action Sci-Fi Thrillerman_vs_machine,alien_planet,struggle_for_survivalChristian_Duguay,Peter_Weller,Roy_Dupuis,Jennifer_Rubin,Andrew_Lauer,Liliana_Komorowska,Michael_Caloz,Jason_Cavalier,Ron_White,Charles_Edwin_Powell,Leni_Parker,Sylvain_Massé,Bruce_Boa,Tom_Berry,Henry_Ramer"
76,Nico Icon,"A look into the many lives of Christa Päffgen  otherwise known as Nico  from cutie German mädchen to the first of the supermodels  to glamorous diva of the Velvet Underground  to cult item  junkie and hag  Many faces for the same woman  whom  you realize  just couldn't bring herself to care enough to live  Documentary Susanne_Ofteringer,Nico,Tina_Aumont,Christian_Aaron_Boulogne,Jackson_Browne,John_Cale,Danny_Fields,Jonas_Mekas,Paul_Morrissey,Billy_Name,Viva"
77,The Crossing Guard,"After his daughter died in a hit and run  Freddy Gale has waited six years for John Booth  the man responsible  to be released from prison  On the day of release  Gale visits Booth and announces that he will kill him in one week  Booth uses his time to try and make peace with himself and his entourage  and even finds romance  Gale  whose life is spiraling down because of his obsession towards Booth  will bring himself on the very edge of sanity  At he end of the week  both men will find themselves on a collision course with each other    some lives cross  others collide Action Crime Drama Thrillerloss_of_loved_one,hit-and-run,revenge,tragedySean_Penn,Jack_Nicholson,David_Morse,Anjelica_Huston,Robin_Wright,Piper_Laurie,Richard_Bradford,Priscilla_Barnes,David_Baerwald,Robbie_Robertson,John_Savage,Kari_Wuhrer,Jennifer_Leigh_Warren,Kellita_Smith,Bobby_Cooper,Jeff_Morris,Buddy_Anderson,Edward_L._Katz,Joe_Viterelli,Eileen_Ryan,Ryo_Ishibashi,Dennis_Fanning,Lisa_Crawford,Jay_Koiwai,Elizabeth_Gilliam,Michael_Ryan,Leo_Penn,Penelope_Allen,Richard_C._Sarafian,Matthew_Ryan"
78,The Juror,"With his gangster boss on trial for murder  a mob thug known as ""the Teacher"" tells Annie Laird she must talk her fellow jurors into a not guilty verdict  implying that he'll kill her son Oliver if she fails  She manages to do this  but  when it becomes clear that the mobsters might want to silence her for good  she sends Oliver abroad and tries to gather evidence of the plot against her  setting up a final showdown There is no defense Drama Thrillerjurors,blackmail,court_case,son,trial,courtroomBrian_Gibson,Demi_Moore,Alec_Baldwin,Joseph_Gordon-Levitt,Anne_Heche,James_Gandolfini,Lindsay_Crouse,Tony_Lo_Bianco,Michael_Constantine,Matt_Craven,Todd_Susman,Michael_Rispoli,Julie_Halston,Frank_Adonis,Matthew_Cowles,Polly_Adams,Jack_Gilpin,Chuck_Cooper,Joe_Perrino,James_McCauley,Randy_Jurgensen,Gayle_Scott"
79,بادکنک سفید,"Several people try to take advantage of a little girl's innocence to hustle money her mom gave to her to buy a goldfish with  Children Dramafish,money,celebration,goldfishJafar_Panahi,Aida_Mohammadkhani,Mohsen_Kafili,Fereshteh_Sadre_Orafaiy,Anna_Borkowska,Mohammad_Shahani"
80,Things to Do in Denver When You're Dead,"Five different criminals face imminent death after botching a job quite badly Protect  Love  Honor  Avenge Crime Drama Romancebounty_hunter,parent_child_relationship,boat,way_of_life,coffin,denver,_colorado,godmother,paranoia,hitman,gangster,friendship,psychopath,revenge,murder,mafia,diner,violence,illegal_prostitution,extramarital_affairGary_Fleder,Andy_García,Christopher_Lloyd,William_Forsythe,Bill_Nunn,Treat_Williams,Jack_Warden,Steve_Buscemi,Fairuza_Balk,Gabrielle_Anwar,Christopher_Walken,Michael_Nicolosi,Sarah_Trigger,David_Stratton,Jenny_McCarthy,Bill_Erwin"
81,Antonia,"After World War II  Antonia and her daughter  Danielle  go back to their Dutch hometown  where Antonia's late mother has bestowed a small farm upon her  There  Antonia settles down and joins a tightly knit but unusual community  Those around her include quirky friend Crooked Finger  would be suitor Bas and  eventually for Antonia  a granddaughter and great granddaughter who help create a strong family of empowered women A motion picture that celebrates everything you love about life Comedy Dramasuicide,underdog,free_love,philosophy,rape,loss_of_loved_one,mentally_disabled,parent_child_relationship,village_life,world_war_ii,feminism,indian_summer_,family_history,widow,peasant,village,mathematics,freedom,right_and_justice,single,male_homosexuality,domestic_violence,university,woman_directorMarleen_Gorris,Willeke_van_Ammelrooy,Els_Dottermans,Dora_van_der_Groen,Veerle_van_Overloop,Esther_Vriesendorp,Arne_Bang-Hansen,Thyrza_Ravesteijn,Mil_Seghers,Jan_Decleir,Elsie_de_Brauw,Reinout_Bussemaker,Marina_de_Graaf,Wimie_Wilhelm,Fran_Waller_Zeper"
82,Once Upon a Time... When We Were Colored,"This film relates the story of a tightly connected Afro American community informally called Colored Town where the inhabitants live and depend on each other in a world where racist oppression is everywhere  as told by a boy called Cliff who spent his childhood there  Despite this  we see the life of the community in all its joys and sorrows  of those that live there while others decide to leave for a better life north  For those remaining  things come to a serious situation when one prominent businessman is being muscled out by a white competitor using racist intimidation  In response  the community must make the decision of whether to submit meekly like they always have  or finally fight for their rights  Drama Romanceracial_segregation,family_relationships,rural_areaTim_Reid,Al_Freeman,_Jr.,Phylicia_Rashād,Paula_Kelly,Salli_Richardson-Whitfield,Anna_Maria_Horsford,Bernie_Casey,Isaac_Hayes,Ray_J,Polly_Bergen,Taj_Mahal,Leon"
83,Last Summer in the Hamptons,"Filmed entirely on location in East Hampton  Long Island  ""Last Summer in the Hamptons"" concerns a large theatrical family spending the last weekend of their summer together at the decades old family retreat which economic circumstances have forced them to put on the market  Victoria Foyt plays a young Hollywood actress whose visit wreaks havoc on the stellar group of family and friends   led by matriarch Viveca Lindfors and made up of an extraordinary mix of prominent New York actors  directors  and playwrights  In the course of a very unusual weekend  comic as well as serious situations arise  and the family's secrets   of which there are many   begin to unravel  Comedy Drama Henry_Jaglom,Victoria_Foyt,Viveca_Lindfors,Jon_Robin_Baitz,Savannah_Smith_Boucher,Roscoe_Lee_Browne,Andre_Gregory,Nick_Gregory,Melissa_Leo,Roddy_McDowall,Martha_Plimpton,Ron_Rifkin,Diane_Salinger,Brooke_Smith,Kristoffer_Tabori,Holland_Taylor,Henry_Jaglom,Megan_Hughes"
84,Angels and Insects,"In Victorian England  wealthy patriarch Sir Harald Alabaster invites an impoverished biologist  William Adamson  into his home  There  William tries to continue his work  but is distracted by Alabaster's seductive daughter  Eugenia  William and Eugenia begin a torrid romance  but as the couple become closer  the young scientist begins to realize that dark  disturbing things are happening behind the closed doors of the Alabaster manor An elegant seduction  An erotic deception  A stunning revelation Drama Romanceinsect,class_society,rich_woman_poor_man,victorian_england,scientist,incest,based_on_short_story,naturalistPhilip_Haas,Mark_Rylance,Kristin_Scott_Thomas,Patsy_Kensit,Jeremy_Kemp,Douglas_Henshall,Annette_Badland,Chris_Larkin,Anna_Massey"
85,White Squall,"In    a hardy group of prep school students boards an old fashioned sailing ship  With Capt  Christopher Sheldon  Jeff Bridges  at the helm  the oceangoing voyage is intended to teach the boys fortitude and discipline  But the youthful crew are about to get some unexpected instruction in survival when they get caught in the clutches of a white squall storm The strongest will in nature is the will to survive Action Adventure Dramasailing_trip,diary,sailing,survival,coming_of_age,teenage_boy,discipline,squall,sail,caribbean_sea,male_bonding,seasickness,storm_at_sea,1960sRidley_Scott,Jeff_Bridges,Caroline_Goodall,John_Savage,Scott_Wolf,Jeremy_Sisto,Ryan_Phillippe,David_Lascher,Eric_Michael_Cole,Jason_Marsden,David_Selby,Julio_Oscar_Mechoso,Zeljko_Ivanek,Balthazar_Getty,Ethan_Embry,Jordan_Scott,James_Rebhorn"
86,Dunston Checks In,"Hotel manager Robert Grant is forced by his boss to postpone his family vacation when a hotel critic checks in  Trouble is  the critic is really a villainous jewel thief with an orangutan assistant named Dunston  When Dunston gets loose and tries to escape a life of crime    aided by Robert's sons    havoc  hijinks and lots of laughs abound He's about to turn a Five Star Hotel into a three ring circus Children Comedyboss,fistfight,bully,orangutan,hotel_managerKen_Kwapis,Jason_Alexander,Faye_Dunaway,Eric_Lloyd,Rupert_Everett,Graham_Sack,Paul_Reubens,Glenn_Shadix,Nathan_Davis,Jennifer_Bassey,Judith_Scott,Bruce_Beatty,Danny_Comden,Steven_Gilborn,Lois_de_Banzie,Natalie_Core,Paula_Malcomson,Frank_Welker"
87,Black Sheep,"When dignified Albert Donnelly runs for Governor  his team moves to keep his slow witted and klutzy younger brother  Mike  out of the eye of the media  To baby sit Mike  the campaign assigns sarcastic Steve  who gets the experience of a lifetime when he tries to take Mike out of town during the election There's one in every family Comedycorrupt_politician,nitrous_oxide,candid_camera,double_act,political_satire,woman_directorPenelope_Spheeris,Chris_Farley,David_Spade,Tim_Matheson,Christine_Ebersole,Gary_Busey,Grant_Heslov,Timothy_Carhart,Bruce_McGill,Michael_Patrick_Carter,Boyd_Banks,David_St._James,Skip_O'Brien,Branden_R._Morgan,Gypsy_Spheeris,John_Ashker,James_Noah,Chris_Owen,Jonathan_Everett_Lewis,Kevin_Farley,John_Farley"
88,Nick of Time,"An unimpressive  every day man is forced into a situation where he is told to kill a politician to save his kidnapped daughter  Action Thrillerassassination,politics,los_angeles,_californiaJohn_Badham,Johnny_Depp,Courtney_Chase,Charles_S._Dutton,Christopher_Walken,Roma_Maffia,Peter_Strauss,Gloria_Reuben,Marsha_Mason,Miguel_Nájera,Bill_Smitrovich,G._D._Spradlin,Charles_Carroll,Yul_Vazquez,Edith_Diaz,Armando_Ortega,C.J._Bau,Cynthena_Sanders,Dana_Mackey,Jerry_Tondo,Lance_Hunter_Voorhees,John_Azevedo_Jr.,Lance_August,Peter_MacKenzie,Rick_Zieff,Michael_Chong,Cynthia_Noritake,Holly_Kuespert,Pamela_Dunlap,Jan_Speck,Tom_Lawrence,Robert_Buckingham,Clark_Johnson,Antony_Sandoval,Isabel_García_Lorca"
89,The Journey of August King,"The Journey of August King is a multi dimensional drama about a North Carolina farmer in    August King  a widower  is on his way home as he does every year after selling his produce and purchasing the stock and goods he will need to survive the winter  On his journey  he comes upon a run away slave  a young woman about   and August King must decide to violate the law and help this slave to freedom or else leave her to be hunted down and  ultimately  returned to her slave owner  Drama John_Duigan,Jason_Patric,Thandie_Newton,Larry_Drake,Sam_Waterston,Eric_Mabius,Sarah-Jane_Wylde"
90,Mary Reilly,"A housemaid falls in love with Dr  Jekyll and his darkly mysterious counterpart  Mr  Hyde The untold story of Jekyll and HydeDrama Horror Thrillerservant,monster,laboratory,jekyll_and_hyde,housemaid,19th_centuryStephen_Frears,Julia_Roberts,John_Malkovich,George_Cole,Michael_Gambon,Glenn_Close,Kathy_Staff,Michael_Sheen,Bronagh_Gallagher,Linda_Bassett,Ciarán_Hinds,Henry_Goodman,Wendy_Nottingham,Moya_Brady,Emma_Griffiths_Malin,Sasha_Hanau,Isabella_Marshall,Richard_Leaf,Stephen_Boxer"
91,Vampire in Brooklyn,"Maximillian  the lone survivor of a race of vampires  comes to Brooklyn in search of a way to live past the next full moon  His ticket to survival is Rita  a NYPD detective who doesn't know she's half vampire    and Maximillian will do whatever's necessary to put her under his spell A comic tale of horror and seduction Comedy Horror Romancevampire,half_vampire,brooklyn,_new_york_cityWes_Craven,Eddie_Murphy,Angela_Bassett,Allen_Payne,Kadeem_Hardison,John_Witherspoon,Zakes_Mokae,Joanna_Cassidy,Simbi_Khali,Vickilyn_Reynolds,Messiri_Freeman,Kelly_Cinnante,Jsu_Garcia,W._Earl_Brown,Ayo_Adeyemi,Troy_Curvey_Jr.,William_Blount,Joe_Costanza,John_LaMotta,Marcelo_Tubert,Nick_DeMauro,Jerry_Hall,Mark_Haining,Wendy_Robie,Alyse_Mandel,Larry_Paul_Marshall,Vince_Micelli,Oren_Waters,Carlton_Davis,Clive_Ross,Michael_Hyde,Maxine_Waters_Willard,Josef_Powell,Roy_Galloway,Carmen_Carter,Julia_Waters,Carmen_Twillie,Ray_Combs,Mitch_Pileggi,Ken_Tipton"
92,Beautiful Girls,"During a snowy winter in the small fictional town of Knight's Ridge  Massachusetts  a group of lifelong buddies hang out  drink and struggle to connect with the women who affect their decisions  dreams and desires Good times never seemed so good Comedy Drama Romancesmall_town,massachusetts,friendship,coming_of_age,hometown,group_of_friendsTed_Demme,Timothy_Hutton,Matt_Dillon,Noah_Emmerich,Annabeth_Gish,Lauren_Holly,Uma_Thurman,Mira_Sorvino,Michael_Rapaport,Rosie_O'Donnell,Pruitt_Taylor_Vince,Max_Perlich,Martha_Plimpton,Natalie_Portman,Anne_Bobby,Richard_Bright,Sam_Robards,David_Arquette,Adam_LeFevre,John_Carroll_Lynch,Tom_Gibis,Greg_Dulli,John_Scurti,Frank_Anello,Camille_D'Ambrose,Sarah_Katz,Martin_Ruben,Allison_Levine,Earl_R._Burt,Trent_Nicholas_Thompson,Nicole_Ranallo,Joyce_Lacey,Anne_W._Erickson,Oliver_Osterberg,Sterling_Robson,Herbie_Ade,Tammara_Melloy,Lori_J._Ness,Rachel_Oliva,Tomas_Settell"
93,Broken Arrow,"When rogue stealth fighter pilot Vic Deakins deliberately drops off the radar while on maneuvers  the Air Force ends up with two stolen nuclear warheads    and Deakins's co pilot  Riley Hale  is the military's only hope for getting them back  Traversing the deserted canyons of Utah  Hale teams with park ranger Terry Carmichael to put Deakins back in his box Prepare to Go Ballistic Action Adventure Thrillerhelicopter,river,captain,underground,mexican_standoff,countdown,pilot,fistfight,canyon,major,betrayal,gunfight,train,explosion,park_ranger,desert,military,nuclear_device,boxing,stealth_aircraft,abandoned_mine,humveeJohn_Woo,John_Travolta,Christian_Slater,Samantha_Mathis,Delroy_Lindo,Bob_Gunton,Frank_Whaley,Howie_Long,Vondie_Curtis-Hall,Jack_Thompson,Vyto_Ruginis,Ousaun_Elam,Shaun_Toub,Casey_Biggs,Jeffrey_J._Stephen,Joey_Box,Kurtwood_Smith,Daniel_von_Bargen,Bruce_Holman,James_MacDonald,French_Stewart,Chris_Mulkey,Raymond_Cruz,Tom_Demille"
94,In the Bleak Midwinter,"Out of work actor Joe volunteers to help try and save his sister's local church for the community by putting on a Christmas production of Hamlet  somewhat against the advice of his agent Margaretta  As the cast he assembles are still available even at Christmas and are prepared to do it on a 'profit sharing' basis  that is  they may not get paid anything  he cannot expect   and does not get   the cream of the cream  But although they all bring their own problems and foibles along  something bigger starts to emerge in the perhaps aptly named village of Hope The drama  The passion  The intrigue    And the rehearsals haven't even started Comedy Dramaplay,hamlet,christmas,actorKenneth_Branagh,Michael_Maloney,Richard_Briers,Joan_Collins,Nicholas_Farrell,Julia_Sawalha,Celia_Imrie,John_Sessions,Jennifer_Saunders,Gerard_Horan,Mark_Hadfield,Hetta_Charnley,Adrian_Scarborough,Brian_Pettifer,Patrick_Doyle,Shaun_Prendergast,Adrian_Scarborough,Allie_Byrne,Katy_Carmichael,Ann_Davies,James_D._White,Robert_Hines,Edward_Jewesbury,Carol_Starks,Jessica_Manley"
95,La Haine,"After a chaotic night of rioting in a marginal suburb of Paris  three young friends  Vinz  Hubert and Saïd  wander around unoccupied waiting for news about the state of health of a mutual friend who has been seriously injured when confronting the police How far you fall doesn't matter  it's how you land…Crime Dramaparis,_france,neo_nazism,police_brutality,hip-hop,socially_deprived_family,breakdance,ghetto,male_friendship,xenophobia,paris_suburbMathieu_Kassovitz,Vincent_Cassel,Hubert_Koundé,Saïd_Taghmaoui,Abdel_Ahmed_Ghili,Souleymane_Dicko,Joseph_Momo,Héloïse_Rauth,Rywka_Wajsbrot,Olga_Abrego,Laurent_Labasse,Choukri_Gabteni,Nabil_Ben_Mhamed,Benoît_Magimel,Médard_Niang,Arash_Mansour,Abdel-Moulah_Boujdouni,Mathilde_Vitry,Christian_Moro,Edouard_Montoute,JiBi,Félicité_Wouassi,Fatou_Thioune,Thang-Long,Cut_Killer,Sabrina_Houicha,Sandor_Weltmann,François_Levantal,Julie_Mauduech,Karin_Viard,Peter_Kassovitz,Christophe_Rossignon,Vincent_Lindon,Mathieu_Kassovitz,Anthony_Souter,Florent_Lavandeira,Teddy_Marques,Samir_Khelif,Tadek_Lokcinski,Virginie_Montel,Andrée_Damant,Marcel_Marondo,Karim_Belkhadra,Marc_Duret,Eric_Pujol,Philippe_Nahon,Sébastien_Tavel,François_Toumarkine,José_Dalmat,Zinedine_Soualem,Bernie_Bonvoisin,Cyril_Ancelin,Patrick_Médioni,Nabil_Ben_Mahmed,Solo,Anthony_Soutter,Sandor_Weitmann,Virginia_Montel"
96,Shopping,"A dark  hip  urban story of a barren and anonymous city where the underclass' sport of choice is ram raiding  An exciting game in which stolen cars are driven through shop windows to aid large scale looting before the police arrive  For Tommy  it's a business  but for Billy and Jo  it's a labour of love  As the competition between Tommy and Billy grows more fierce  the stakes become higher and the ""shopping"" trips increasingly risky No one leaves without paying   Action Thrillerprison,england,nihilism,vandalism,future,shopping_mall,rivalry,stealing,money,violence,criminal,spray_paintPaul_W._S._Anderson,Sadie_Frost,Jude_Law,Sean_Pertwee,Fraser_James,Sean_Bean,Marianne_Faithfull,Jonathan_Pryce,Ralph_Ineson,Eamonn_Walker,Lee_Whitlock,Jason_Isaacs,Melanie_Hill,Tilly_Vosburgh,Brian_Croucher,Chris_Constantinou,Clint_Dyer,Simon_Bateso,Polly_Moore,Vinny_Mann,Julian_Sandell,Daniel_Newman"
97,Heidi Fleiss: Hollywood Madam,"A documentary crew from the BBC arrives in L A  intent on interviewing Heidi Fleiss  a year after her arrest for running a brothel but before her trial  Several months elapse before the interview  so the crew searches for anyone who'll talk about the young woman  Two people have a lot to say to the camera  a retired madam named Alex for whom Fleiss once worked and Fleiss's one time boyfriend  Ivan Nagy  who introduced her to Alex  Alex and Nagy don't like each other  so the crew shuttles between them with ""she said"" and ""he said "" When they finally interview Fleiss  they spend their time reciting what Alex and Nagy have had to say and asking her reaction    Documentarynarration,hollywood,prostitutionNick_Broomfield,Nick_Broomfield,Heidi_Fleiss,Madam_Alex,Ivan_Nagy,Corinne_Bohrer,Ron_Jeremy,Daryl_Gates,Nina_Xining_Zuo,Victoria_Sellers,Ron_Jeremy"
98,City Hall,"The accidental shooting of a boy in New York leads to an investigation by the Deputy Mayor  and unexpectedly far reaching consequences It started with a shootout on a rainswept street and ended in a scandal that shattered New York Drama Thrillercorruption,undercover,war_on_drugs,mayor,drug_dealer,presidential_election,undercover_agent,investigation,police,drugsHarold_Becker,Al_Pacino,John_Cusack,Bridget_Fonda,Danny_Aiello,Martin_Landau,David_Paymer,Richard_Schiff,Lauren_Vélez,Nestor_Serrano,Lindsay_Duncan,Tamara_Tunie,John_Slattery"
99,Bottle Rocket,"Upon his release from a mental hospital following a nervous breakdown  the directionless Anthony joins his friend Dignan  who seems far less sane than the former  Dignan has hatched a hair brained scheme for an as yet unspecified crime spree that somehow involves his former boss  the  supposedly  legendary Mr  Henry They’re not really criminals  but everyone’s got to have a dream Adventure Comedy Crime Romancesibling_relationship,robbery,burglar,language_barrier,motel,independent_film,psychiatric_hospital,maid,theft,nervous_breakdown,escapade,laundry_roomWes_Anderson,Luke_Wilson,Owen_Wilson,Robert_Musgrave,Lumi_Cavazos,Andrew_Wilson,James_Caan,Donny_Caicedo,Shea_Fowler,Jim_Ponds,Kumar_Pallana,Ned_Dowd,Takayuki_Kubota,Anna_Cifuentes,Haley_Miller,Brian_Tenenbaum,Jenni_Tooley,Dipak_Pallana,Darryl_Cox,Stephen_Dignan,Temple_Nash,Melinda_Renna,Julie_Mayfield,Don_Phillips,_Jr.,Richard_Reyes,Julio_Cedillo,Teddy_Wilson,Haskel_Craver,Jill_Parker-Jones,Nena_Smarz,Héctor_García,Daniel_R._Padgett,Russell_Towery,Ben_Loggins,Linn_Mullin"
